name,postcode
Aberdeen Arts Centre,AB24 5AA
Aberdeen Sports Village,AB24 5RU
Aberdeen Synagogue and Jewish Community Centre,AB11 6DS
Aberdeen Town House,AB11 5BU
Airyhall Community Centre,AB15 8AD
Airyhall Library,AB15 7RF
Alex Collie Sports Centre,AB22 8PE
Altens Community Centre,AB12 3SE
Balgownie Community Centre,AB23 8HX
Balnagask Community Centre,AB11 8HX
Beach Leisure Centre,AB24 5NR
Beacon Sports Centre,AB21 9DG
Bridge of Don Community Centre,AB22 8RR
Bridge of Don Library,AB22 8HH
Bridges Centre,AB11 5RW
Bucksburn Library,AB21 9DG
Cairncry Community Centre,AB16 5HL
Catherine Street Community Centre,AB25 1EU
Central Library,AB25 1GW
Citizens Advice Aberdeen,AB11 5BN
Community Campus,AB24 2UY
Cornhill Community Centre,AB16 5BL
Cornhill Library,AB16 5UT
Cove Library,AB12 3HE
Culter Library,AB14 0UJ
Culter Village Hall,AB14 0UD
Cults Community Centre,AB15 9RG
Cults Kirk Centre,AB15 9TD
Cults Leisure Centre,AB15 9TP
Cults Library,AB15 9SX
Cummings Park Centre,AB16 7AS
Danestone Community Centre,AB22 8ZP
Dunbar Street Hall,AB24 3UJ
Dyce Community Centre,AB21 7BD
Dyce Development and Amenities Committee,AB21 7AY
Dyce Library,AB21 7BD
Ferryhill Community Centre,AB11 6TN
Ferryhill Library,AB11 6UP
Froghall Community Centre and Lilypad Cafe,AB25 3TX
Hanover Community Centre,AB24 5EX
Hilton Community Centre,AB24 4HS
Hilton Sports Centre,AB24 4NQ
Inchgarth Community Centre,AB10 7DR
James Tyrrell Centre,AB16 6TR
Jesmond Leisure Centre,AB22 8UR
Kaimhill Library,AB10 7HR
Kincorth Community Centre,AB12 5NA
Kincorth Library,AB12 5NA
Kincorth Sports Centre,AB12 5BB
Kingswells Community Centre,AB15 8TG
Kingswells Village Hall,AB15 8AW
Lochside Sports Complex,AB12 3JG
Loirston Annexe Community Centre,AB12 3NX
Manor Park Community Centre,AB16 7YB
Masjid Alhikmah and Community Centre,AB24 5ER
Mastrick Community Centre,AB16 6TR
Mastrick Library,AB16 6TR
Middleton Park Community Centre,AB22 8WD
Mile End Community Centre,AB15 5LQ
Millitimber Community Hall,AB13 0JY
Northfield Community Centre,AB16 7LL
Northfield Leisure Centre,AB16 5TL
Northfield Library,AB16 7LL
Old Torry Community Centre,AB11 9QH
Peterculter Sports Centre,AB14 0RQ
Portal Community Centre,AB24 2TW
Powis Community Centre,AB24 3YX
Rosehill Day Centre,AB16 5EH
Rosemount Community Education Centre,AB25 2NS
Ruthrieston Community Centre,AB10 7LL
Seaton Community Centre,AB24 3NJ
Sheddocksley Community Centre,AB16 6WF
Sheddocksley Leisure Centre,AB16 6QJ
Star Community,AB24 1UX
Summerhill Community Centre,AB15 6JA
Sunnybank Community Centre,AB24 3NG
The Hub,AB16 7UR
Tillydrone Community Centre,AB24 2QT
Tillydrone Library,AB24 2UY
Torry Library,AB11 9NJ
Torry Sports Centre,AB11 8ER
Torry Youth and Leisure Centre,AB11 8ER
Tullos Community Centre,AB11 8FJ
Westburn Sports Centre,AB25 3DE
Woodside Learning Centre,AB24 2QY
Woodside Library,AB24 4DX
Aberchirder Library,AB54 7TB
Aboyne Community Shed,AB34 5DZ
Aboyne Library,AB34 5JN
Achenblae Village Hall,AB30 1XQ
Alford Community Campus,AB33 8TW
Alford Library,AB33 8TY
Alford Public Hall,AB33 8HH
Ashdale Hall,AB32 6FY
Axis Centre,AB21 0WB
Baden Powel Centre,AB53 4FA
Ballater Library,AB35 5QB
Balmedie Library,AB23 8YF
Banchory Community Centre,AB31 5TQ
Banchory Library,AB31 5SU
Banchory Sports Village,AB31 5BL
Banchory Town Hall,AB31 5TB
Banff Library,AB45 1AE
Beaton Hall,AB41 7DT
Bennachie Leisure Centre,AB52 6LT
Bettridge Centre,AB39 3UL
Boddam Library,AB42 3AX
Boddam Public Hall,AB42 3NB
Bourtree Community Hall,AB12 4UF
Bracoden Library,AB45 3HA
Braemar Village Hall,AB35 5RF
Bridge Street Community Centre,AB45 1GE
Burgh Hall,DD10 0RD
Cairnbulg Library,AB43 8WQ
Clatt Village Hall,AB54 4NY
Collieston Community Centre,AB41 8RS
Cookney Community Hall,AB39 3SA
Corgarff Community Hall,AB36 8YL
Cornerstone Community Care,AB42 4EG
Craigievar Community Hall,AB33 8JA
Crathes Public Hall,AB31 5JN
Cruden Bay Library,AB42 0NL
Dalrymple Hall,AB43 9BD
Daviot Village Hall,AB51 0HZ
Deeside Community Centre,AB34 5JN
Deveron Community and Sports Centre,AB45 1BY
Drumoak Church Hall,AB31 5EE
Durris Kirkton Hall,AB31 6BP
Ellon Academy Community Campus,AB41 8LF
Ellon Community Centre,AB41 9FE
Ellon Library,AB41 9AE
Ellon Swimming Pool and Community Centre,AB41 8LF
Ellon and District Mens Shed,AB41 9AW
Fettercairn Library,AB30 1TH
Fetternear Hall,AB51 5JX
Finzean Hall,AB31 6LY
Fordoun Memorial Hall,AB30 1NN
Fordyce Community Hall,AB45 2SJ
Fraserburgh Community and Sports Centre,AB43 9TH
Fraserburgh Library,AB43 9PN
Garioch Community Education Centre,AB51 3QZ
Garlogie Public Hall,AB32 6SA
Gartly Community Hall,AB54 4PX
Gateway Community Centre,AB53 4EE
Glass Village Hall,AB54 4XY
Glenbuchat Hall and Bothy,AB36 8TS
Gourdon Village / Public Hall,DD10 0LE
Hatton Public Hall,AB42 0HZ
Hatton of Fintray Village Hall,AB21 0YG
Huntly Library,AB54 8BR
Insch Community Centre,AB52 6HX
Insch Library,AB52 6JJ
Inverbervie Library,DD10 0RU
Inverbervie Sports Centre,DD10 0RS
Invercairn Community Hall,AB43 8XU
Inverurie Citizens Advice,AB51 3PY
Inverurie Community Campus,AB51 3QZ
Inverurie Library,AB51 3SN
Inverurie Town Hall,AB51 3SN
Johnshaven Village Hall,DD10 0HB
Jubilee Hall,AB12 4PT
Kemnay Community Learning and Development,AB51 5FW
Kemnay Library,AB51 5RN
Kemnay Village Hall,AB51 5SS
Kemp Hall,AB42 5LN
Kincardine O'Neil Village Hall,AB34 5AA
Kincardine and Mearns Citizens Advcie,AB39 2JD
Kinellar Community Hall,AB21 0JQ
Kinneff Village Hall,DD10 0TE
Kintore Library,AB51 0RU
Laurencekirk Youth and Community Venue,AB30 1BJ
Learney Hall,AB31 4JT
Linden Community Centre,AB54 8HZ
Logie Coldstone Village Hall,AB34 5PQ
Logie Durno Village Hall,AB51 5EJ
Lonach Hall,AB26 8UN
Lumphanan Hall,AB31 4SE
Luthermuir Village Hall,AB30 1YR
Lyne of Skene Village Hall,AB32 7EP
MACBI Community Hub,AB42 5FN
MacRobert Hall,AB34 4YL
Macauly Hall,AB43 9EP
Macduff Arts Centre,AB44 1LP
Macduff Community and Sports Centre,AB44 1AA
Macduff Library,AB44 1LR
Macduff Town Hall,AB44 1UN
Mearns Academy Community Campus,AB30 1ZJ
Mearns Community Centre,AB30 1BL
Mearns Sports Centre,AB30 1ZJ
Meldrum Community Education Centre,AB51 0NT
Meldrum Library,AB51 0NT
Midmar Public Hall,AB51 7NE
Milltown Community,AB30 1PF
Monymusk Village Hall,AB51 7HJ
New Pitsligo Library,AB43 6NH
Newburgh Village Hall,AB41 6BL
Newmachar Library,AB21 0WB
Newtonhill Library,AB39 3UL
Old Mart Community Resource Centre,AB42 4EG
Pathway Centre,AB21 0WB
Peterhead Citizens Advice,AB42 1BY
Peterhead Community Education Centre,AB42 1EP
Peterhead Library,AB42 1QD
Pitmedden Community Hall,AB41 7PY
Port Erroll Public Hall,AB42 0HA
Portlethen Community Campus,AB12 4QL
Portsoy Library,AB45 2RH
Portsoy Town Hall,AB45 2QD
Potterton Community Education Centre,AB23 8UE
Premnay Hall,AB52 6QE
Rescue Hall,AB42 1QE
Ritchie Hall,AB43 6TY
Robertson Road Resource Centre,AB43 9BF
Rosehearty Hall,AB43 7NS
Rosehearty Library,AB43 7JL
Rothienorman Hall,AB51 8UD
Sandend Village Hall,AB45 2UF
Scolty Centre,AB31 4FH
Scott Hall,AB54 6DQ
Shepherds Hall,AB39 2LA
South Aberdeenshire Local Action Group,AB51 3WA
St Cyrus Village Hall,DD10 0BG
St John's Centre,AB43 6NL
St. Fergus Parish Hall,AB42 3QD
St. Kane's Church Centre,AB53 6WE
Stewarts Hall,AB54 8AJ
Stonehaven Community Centre,AB39 2DH
Stonehaven Leisure Centre,AB39 2RD
Stonehaven Library,AB39 2ET
Stonehaven Town Hall,AB39 2AU
Strachan Village Hall,AB31 6LG
Strichen Library,AB43 6ST
The Bothie,AB51 0UT
The Linden,AB54 4SH
Tornaveen Hall,AB31 4PA
Tullynessle and Forbes Public Hall,AB33 8QN
Turriff Library,AB53 4AE
Turriff Sports Centre,AB53 4AR
Turriff and District Citizens Advice,AB53 4AT
Udny Station Community Centre,AB41 6QJ
Victoria Hall,AB41 9AY
Victoria and Albert Halls,AB35 5QB
Victory Hall,AB34 5HY
Westhill Aberdeenshire Citizens Advice,AB32 6RL
Westhill Community Centre,AB32 6XZ
Whitehills Library,AB45 2LT
Whiterashes Community Village Hall,AB21 0QP
Wyness Hall,AB51 3QB
Aberlemno Village Hall,DD8 3XE
Airlie Village Hall,DD8 5NP
Angus Alive,DD9 6LB
Angus Centre For Peforming Arts,DD7 7AD
Angus Citizens Advice,DD11 1NN
Angus Community Enterprise (Augment),DD11 1LN
Angus Third Sector Centre,DD8 1BX
Arbroath Community Centre,DD11 1AT
Arbroath Library,DD11 1AH
Arbroath Sports Centre,DD11 3EW
Birkhill Millennium Hall,DD2 5NS
Borrowfield Community Centre,DD10 9DF
Boys' Brigade St Bride's Hall,DD7 6ES
Brechin City Hall,DD9 6EE
Brechin Community Campus,DD9 6LB
Brechin Leisure Centre,DD9 6LB
Brechin Library,DD9 7AD
Brechin Mechanics' Institute,DD9 6JQ
Carnoustie Leisure Centre,DD7 7JB
Carnoustie Library,DD7 6AN
Charleston Village Hall,DD8 1UG
Colliston Village Hall,DD11 3RR
Community Access and Learning Centre Dundee and Angus College,DD11 3EA
Community Spirit,DD11 1LE
Eassie and Nevay Hall,DD8 1SQ
Farnell Hall,DD9 6UH
Forfar Community Campus,DD8 3TG
Forfar Library,DD8 1BA
Forfar Reid Hall,DD8 3HX
GEMS Shed,DD10 8PY
Gerard Hall,DD5 4JN
Glensview Community Group,DD8 1NB
Hillside Village Hall,DD10 9JG
Hospitalfield House,DD11 2NH
Inglis Memorial Hall Library Visitor Centre,DD9 7TF
Kingsmuir Hall,DD8 2RT
Kirrie Connections,DD8 4HN
Kirriemuir Library,DD8 4BS
Kirriemuir Town Hall,DD8 4BS
Letham Village Hall Angus,DD8 2PD
Lilybank Resource Centre,DD8 2JJ
Menmuir Hall,DD9 7RN
Monifieth Community Cabin,DD5 4NG
Monifieth Library,DD5 4AE
Monikie Memorial Hall,DD5 3QA
Montrose Library,DD10 8PH
Montrose Sports Centre,DD10 8TR
Montrose Town Hall,DD10 8HG
Murroes Community Hall,DD4 0PP
Northmuir Hall,DD8 4TN
Saltire Sports Centre,DD11 5JN
St Andrews Church Hall,DD9 6JB
St Vigeans Church Hall,DD11 4RB
Stracathro Parish Hall,DD9 7QJ
Strathmore Hall,DD8 3EZ
Tealing Village Hall,DD4 0QW
The Boyack Centre,DD5 4EF
The Crickety,DD9 7EA
The Hub at Friockheim,DD11 4TG
The Royal British Legion (Arbroath),DD11 3AP
Websters Sports Centre,DD8 5AT
Wellbank Village Hall,DD5 3PE
Whitehills Health and Community Care Centre,DD8 3DY
Achnamara Hall,PA31 8PU
An Cridhe,PA78 6SY
An Talla,PA77 6UP
An Tobar,PA75 6PB
Appin Hall,PA38 4BG
Ardentinny Village Hall,PA23 8TR
Ardrishaig Public Hall ,PA30 8EY
Argyll and Bute Citizens Advice,PA31 8NE
Argyllshire Gathering Halls,PA34 5NZ
Aros Hall,PA75 6NT
Atlantic Island Centre,PA34 4TX
Atlantis Leisure,PA34 5JE
Ballianlay Village Hall,PA20 0QF
Blairmore Village Hall,PA23 7HA
Bowmore Hall,PA43 7JH
Bunessan Hall,PA67 6DG
Burgh Hall,PA23 7DE
Campbeltown Aqualibrium,PA28 6EG
Campbeltown Town Hall,PA28 6AB
Cardross Library,G82 5QA
Carradale Village Hall,PA28 6SB
Centre 81,G84 0AT
Clachan Village Hall,PA29 6XW
Colintraive Village Hall ,PA22 3AS
Colonsay Village Hall,PA61 7YW
Connel Village Hall,PA37 1PA
Corran Halls,PA34 5AB
Cove Burgh Hall,G84 0LY
Craignish Village Hall,PA31 8QN
Craignure Village Hall,PA65 6BE
Cullipool Hall,PA34 4TX
Dalmally Community Centre,PA33 1AS
Dervaig Hall,PA75 6QN
Drumfork Community Centre,G84 9HN
Dunoon Burgh Hall,PA23 7DD
Dunoon Community Learning Cenre,PA23 7PH
Dunoon Library,PA23 7HH
Dunoon Senior Citizens Hall,PA23 7QU
Easdale Island Community Hall,PA34 4TB
Ford Village Hall,PA31 8RH
Furnace Village Hall,PA32 8XN
Geilston Hall,G82 5PA
Gibson Hall,G84 0AT
Gigha Village Hall,PA41 7AA
Helensburgh Library,G84 8EB
Here We Are,PA26 8BL
High Kirk Hall,PA23 7LN
Innellan Village Hall,PA23 7TN
Iona Village Hall,PA76 6SN
Ionad Chaluim Chille Ile,PA43 7LN
Isle of Lismore Public Hall,PA34 5UG
Kames and District Recreational Club,PA21 2BE
Kilchrenan Village Hall,PA35 1HE
Kilmelford and Kilninver Village Hall,PA34 4XD
Kilmore Hall,PA34 4XT
Kilmore and Oban Church Centre,PA34 4DN
Kintyre Community Education Centre ,PA28 6AT
Kirkmichael Centre,G84 7LY
Lismore Heritage Centre,PA34 5UL
Loch Awe Village Hall,PA33 1AQ
Lochgilphead Community Education Centre,PA31 8PW
Lochgilphead Library,PA31 8TQ
Lochgoilhead Public Hall,PA24 8AA
Machrihanish Village Hall,PA28 6NU
Mactaggart Leisure Centre,PA43 7JS
Mid-Argyll Sports Centre,PA31 8AA
Moat Centre,PA20 0EP
North Church Hall,PA30 8EY
North Connel Village Hall,PA37 1RF
Oban Public Library,PA34 4AL
Parish Church Hall ,PA31 8TW
Peninver Village Hall,PA28 6QP
Pennyghael Community Hall,PA70 6HB
Port Appin Village Hall,PA38 4DF
Rhu and Shandon Community Centre,G84 8NH
Riverside Leisure Centre,PA23 8AA
Rockfield Centre,PA34 5DE
Rosneath Library,G84 0RJ
Rothesay Leisure Centre,PA20 9BN
Rothesay Library,PA20 0BX
Rothesay Moat Community Education Centre,PA20 0EP
Rothesay Pavilion,PA20 0AU
Sandbank Village Hall,PA23 8PX
Seil Island Hall,PA34 4RF
Skipness Village Hall,PA29 6XT
St John's Cathedral Hall ,PA34 5NT
St Muns Church Hall,PA23 8AW
Strachlachlan Community Centre,PA27 8DG
Strachur Memorial Hall,PA27 8DG
Tarbert Library,PA29 6UD
Tarbert Village Hall,PA29 6TX
Taynuilt Village Hall,PA35 1JH
Tayvallich Village hall,PA31 8PJ
Templar Arts Centre,PA29 6UD
The Lade Centre,PA20 0DJ
Three Villages Hall,G83 7AB
Tobermory Library,PA75 6PA
Toward and Striven Memorial Hall,PA23 7UJ
Tower Digital Arts Centre,G84 8TR
Uig Hall,PA23 8GU
Victoria Hall,PA28 6EG
Victoria Halls,G84 8TU
Victory Hall,PA37 1ST
Whitehouse Village Hall,PA29 6XR
Younger Hall ,PA23 8SD
Ainslie Park Leisure Centre,EH5 2HF
Art and Design Library,EH1 1EG
Balerno Community Centre ,EH14 7EQ
Balerno Library,EH14 7EQ
Balgreen Library,EH11 3AT
Bellfield,EH15 2BP
Bingham Community Centre,EH15 3HZ
Blackhall Library,EH4 5EG
Calder Residents,EH1 3EG
Cameron House Community Education Centre,EH16 5EU
Carrickvale Community Centre,EH11 3HH
Central Library,EH1 1EG
Chabad Jewish Community of Edinburgh,EH3 9AL
Citizens Advice Edinburgh,EH11 1BG
Citizens Advice Leith,EH6 8PG
Citizens Advice Portobello,EH15 1EY
Clovenstone Community Centre,EH14 3EY
Colinton Library,EH13 0BQ
Colinton Mains Community Centre,EH13 9EJ
Community Learning and Development,EH1 1LT
Corstophine Astoria Centre,EH12 7HD
Corstophine Hub,EH12 7SL
Corstophine Library,EH12 7HD
Corstophine Public Hall,EH12 7HD
Craigentinny Community Centre,EH7 6JE
Craighall Centre,EH6 4RB
Craiglockhart Cafe,EH14 1BZ
Craiglockhart Leisure Centre and Tennis Centre,EH14 1BZ
Craigmillar Community Art Centre,EH15 3HS
Craigmillar Library,EH16 4DS
Craigmillar Literacy Trust,EH16 4DP
Craigmount Community Education Wing,EH12 8JH
Craigroyston Community Centre,EH4 4HA
Cramond Kirk Hall,EH4 6NS
Currie Community Centre,EH14 5RU
Currie Library,EH14 5NX
Dalry 183 Creative and Cultural Hub,EH11 2EB
Drumbrae Community Allotment,EH4 7SH
Drumbrae Leisure Centre,EH4 7SF
Drumbrae Library Hub,EH4 7FE
Drylaw Neighbourhood Centre,EH4 2SA
Duncan Place,EH6 8HW
East Neighbourhood Centre,EH16 4DS
Edinburgh Community Meditation Service,EH1 3QN
Edinburgh Forum,EH6 4UH
Edinburgh Hindu Mandir and Cultural Centre,EH6 7EG
English Training Centre,EH7 6DZ
Eric Liddell Centre,EH10 4DP
Faith in Elderly People,EH12 5EL
Forever Young Club,EH11 3HH
Fort Community Centre,EH6 4HF
Fountainbridge Library,EH11 1BG
Gate 55,EH11 4PB
Gilmerton Community Centre,EH17 8QG
Gilmerton Library,EH17 8RG
Goodtrees Neighbourhood Centre,EH17 7LB
Gorgie War Memorial Hall,EH11 2RQ
Gracemount Leisure Centre,EH16 6RN
Granton Library,EH5 1DD
Granton Parish Church,EH5 2DA
Grassmarket Community Project,EH1 1EL
Greyfriars Charteris Centre,EH8 9RR
Hays Community Business Centre,EH16 4RW
Inch Community Education Centre,EH16 5UF
Inch Park Community Sports Club,EH16 5UD
Iqra Academy Edinburgh,EH16 5PH
Jack Kane Community Wing,EH16 4ND
Jack Kane Sports Centre,EH16 4ND
Juniper Green Village Hall,EH14 5DX
Kin Collective,EH6 8HW
Kirkliston Community Centre,EH29 9AQ
Kirkliston Leisure Centre,EH29 9EY
Kirkliston Library,EH29 9BE
Kurdish Community Centre,EH14 2AA
Lauriston Hall,EH3 9DJ
Leith Central Community Council,EH7 4AG
Leith Community Centre,EH6 6AD
Leith Library,EH6 4AE
LifeCare Edinburgh,EH4 1JB
Local People Leading,EH3 7EH
Longstone Community Centre,EH14 2DU
M E S Sports Centre,EH4 3NT
Magdalene Community Education Centre,EH15 3BE
McDonald Road Library,EH7 4LU
McHattie Building,EH11 3HH
McLaren Hall,EH7 6LE
Meadowbank Sports Centre,EH7 6AE
Meggetland Sports Complex,EH14 1XN
Mescid-i Eyüp Sultan And Turkish Community Centre,EH11 2RZ
Moredun Community Education Centre,EH17 7NE
Moredun Library,EH17 7HL
Morningside Library,EH10 4PU
Muirhouse Library,EH5 1QE
Muirhouse Millennium Centre,EH4 4RW
Munro Community Centre,EH4 7NT
Nelson Hall Community Centre,EH8 9QZ
Newington Library,EH9 2LN
North Edinburgh Arts,EH4 4TZ
North Edinburgh Community Resource Centre,EH4 4PJ
North Merchiston Club,EH11 1EP
Northfield Willowbrae Community Centre,EH8 7PP
Northfield and Willowbrae Community Council,EH8 7PP
Number 7 (Community Space),EH4 1HU
Out of the Blue Drill Hall,EH6 8RG
Oxgangs Library,EH13 9LY
Oxgangs Neighbourhood Centre,EH13 9EU
Pentland Community Centre,EH13 9LS
Piershill Library,EH8 7BQ
Pilmeny Youth Centre,EH6 8RF
Pilton Community Health Project,EH5 2PW
Polish - Scottish Cultural Project Polsko-Szkocki Dom Kultury,EH16 6FH
Portobello Community Centre,EH15 1AP
Portobello Library,EH15 1AU
Prentice Centre,EH4 4GA
Prestonfield and District Neighbourhood Project,EH16 5EX
Rannoch Community Education Centre,EH4 7ES
Ratho Community Centre,EH28 8TT
Ratho Library,EH28 8RF
Ratho Masonic Hall,EH28 8RE
Redhall Walled Garden,EH14 2LZ
Roseberry Hall,EH30 9LL
Royston Wardieburn Community Centre,EH5 1NF
Saheliya,EH7 4NW
Saint Stephen's Theatre,EH3 5AB
Sandys Community Centre,EH16 4DW
Saughton Sports Complex,EH11 3HB
Saughtonhall Community Association,EH12 5RN
Scottish Storytelling Centre,EH1 1SR
Sighthill Library,EH11 4PB
Slateford Green Community Centre,EH14 1NE
Society Hall,EH17 8RQ
South Bridge Resource and Education Centre,EH1 1LT
South Queensferry Library,EH30 9RD
South Side Community Centre,EH8 9ER
South West Community Learning and Development Office,EH14 2SU
Southsiders,EH8 9JW
St Brides Centre,EH11 2DZ
St Martins Community Resource Centre,EH11 2JG
St Oswald's Centre,EH10 4NQ
Stockbridge Library,EH3 5BA
Sutherland Street Community Centre,EH12 5HP
The Autonomous Centre of Edinburgh,EH7 5HA
The Braidwood Centre,EH8 9UT
The Crags Centre,EH8 9RY
The Crannie,EH8 8BE
The Forge,EH11 1AL
The Old Schoolhouse,EH10 4PX
The Outlook Project,EH1 1LT
The Ripple Project,EH7 6DZ
The Risk Factory,EH14 1RL
The Yard Edinburgh,EH3 5EH
Tollcross Community Centre,EH3 9QG
Ukranian Community Centre,EH7 5AB
Valley Park Community Centre,EH17 8EU
Wardie Residents Club,EH5 3NJ
West Pilton Neighbourhood Centre,EH4 4BY
Wester Hailes Library,EH14 2ST
Action for Children Scotland,FK10 2SE
Alloa Community Enterprises,FK10 3TA
Alloa Health Centre,FK10 1AB
Alloa Town Hall,FK10 1AB
Alva Community Access Point,FK12 5AN
Alva Development Trust,FK12 5LJ
Alva Pensioners Association Parklands Centre,FK12 5BG
Bowmar Community Centre,FK10 1BT
Centenary Hall,FK13 6EL
Clackmannan Development Trust,FK10 4JA
Clackmannan Health Centre,FK10 4JA
Clackmannan Town Hall,FK10 4JA
Clackmannanshire Citizens Advice Bureau (Glebe Hall),FK10 1HS
Clackmannanshire Community Health Care Centre,FK10 3JQ
Clackmannanshire Leisure,FK10 1ED
Clackmannanshire Third Sector Interface,FK10 1JF
Cochrane Hall,FK12 5LJ
Community House Limited,FK10 1QE
Connect Alloa,FK10 1LJ
Devonvale Hall,FK13 6NS
Dollar Community Access Point,FK14 7AA
Dollar Hive,FK14 7AA
Dollar and Muckhart Girl Guides,FK14 7DF
Education and Community Services Centres,FK10 3AZ
Give A Dog A Bone,FK10 1HR
Hawkhill Community Association,FK10 1SB
Home Start,FK10 3SA
Ludgate House Resource Centre,FK10 2AD
Our Dumyat Centre,FK11 7BL
Play Alloa,FK10 1AN
Resonate Together,FK10 1EU
Sauchie Community Access Point,FK10 3JT
Sauchie Hall,FK10 3EA
Sauchie Library,FK10 3JY
Sauchie Resource Centre,FK10 3EA
Scottish Children's Reporter Administration,FK10 1AB
Speirs Centre - Alloa Library and Registry Office,FK10 1AD
The Ben Cleuch Centre,FK13 6AG
The Hive Community Centre and Library,FK14 7AA
The Mental Health Resource Centre,FK10 3JQ
The Wasp Centre,FK10 1RX
Tillicoultry Cadet Hall,FK13 6QN
Tullibody Civic Centre,FK10 2RU
Tullibody Community Access Point,FK10 2SD
Tullibody Community FC,FK10 2RS
Whins Resource Centre,FK10 3SA
Annan Community Centre,DG12 6AW
Annan Library,DG12 6AQ
Applegarth Hall,DG11 2RR
Assembly Rooms,DG1 1EJ
Auldgirth Community Hall,DG2 0XG
Balmaghie Public Hall,DG7 2PN
Barbour Memorial Hall,DG1 4QY
Buccleuch Centre,DG13 0AW
Cairnryan Hall,DG9 8QX
Canonbie Public Hall,DG14 0UX
Carronbridge Village Hall,DG3 5AY
Carrutherstown Village Hall,DG1 4LA
Castle Douglas Library,DG7 1AE
Castle Douglas Town Hall,DG7 1DE
Closeburn Village Hall,DG3 5HR
Colvend Public Hall,DG5 4QD
Corsock Village Hall,DG7 3DN
Cresswell and Larchfield Community Centre,DG1 2DT
Crocketford Village Hall,DG2 8RU
Crossmichael Church Hall,DG7 3AU
Crossmichael Memorial Hall,DG7 3AY
Dalbeattie Library,DG5 4AD
Dalbeattie Town Hall,DG5 4JT
Dalry Library,DG7 3UP
Dalry Town Hall,DG7 3SW
Dalswinton Village Hall,DG2 0XU
Douglas Hall,DG5 4PY
Dumfries Activity and Resource Centre,DG1 2PS
Dumfries Citizens Advice,DG1 2PQ
Dumfries Day Centre,DG1 2JX
Durisdeer Village Hall,DG3 5BQ
Easterbrook Hall,DG1 4TA
Eastriggs Library,DG12 6PZ
Ecclefechan Village Hall,DG11 3EW
Eskdale Leisure Centre,DG13 0AP
Eskdalemuir Community Hub,DG13 0QJ
Ewart Library,DG1 1JA
Garlieston Village Hall,DG8 8BQ
Gatehouse Library,DG7 2HS
Georgetown Community Centre,DG1 4DF
Georgetown Library,DG1 4EJ
Gillespie Memorial Hall,DG1 4LU
Glenlochar Community Centre,DG7 3AY
Glenluce Hall,DG8 0PS
Glenriddell Hall,DG2 0TA
Gretna Library,DG16 5AQ
Heathhall Community Centre,DG1 1XA
Hillview Leisure Centre,DG4 6SD
Holywood Village Hall,DG2 0RB
Hutton Hall Community Centre,DG1 4RP
"John McNeillie Library, Wigtown",DG8 9JH
Johnstonebridge Community Centre,DG11 1ES
Kingholm Quay Community Centre,DG1 4SY
Kippford Village Hall,DG5 4LL
Kirkbean Village Hall,DG2 8DW
Kirkcolm Public Hall,DG9 0NN
Kirkconnel Library,DG4 6RA
Kirkconnel Miners Memorial Hall,DG4 6ND
Kirkcudbright Library,DG6 4JG
Kirkinner Hall,DG8 9AN
Kirkpatrick Durham Village Hall,DG7 3HQ
Langholm Community Centre,DG13 0AA
Langholm Library,DG13 0JQ
Langholm Town Hall,DG13 0JQ
Leswalt Memorial Hall,DG9 0LW
Lincluden Community Centre,DG2 0DH
Lochans Village Hall,DG9 9BZ
Locharbriggs Community Centre,DG1 1UL
Locharbriggs Village Hall,DG1 1QE
Lochmaben Community Centre,DG11 1QY
Lochmaben Community Portacabin,DG11 1NR
Lochmaben Library,DG1 1NQ
Lochside Community Centre,DG2 9NS
Lochthorn Library,DG1 1UF
Lochvale House,DG1 4DF
Lockerbie Library,DG11 2JL
Lockerbie Town Hall,DG11 2HB
Lockerbie Youth Centre,DG11 2HE
Loreburn Hall,DG1 2HP
Maxwell Hall,DG8 9SD
McFarlan Memorial Hall,DG1 4NF
McMillan Hall,DG8 6EQ
Midsteeple Quarter,DG1 1JD
Moffat Library,DG10 9HF
Moffat Town Hall Redevelopment,DG10 9HF
Nelson House,DG12 6PP
New Galloway Town Hall,DG7 3SW
New Luce Memorial Hall,DG8 0AJ
Newington Leisure Centre,DG12 6JY
Newton Stewart Library,DG8 6ER
Noblehill Community Centre,DG1 2EU
North West Community Campus,DG2 9LU
North West Resource Centre,DG2 0BX
Oasis Youth Centre,DG1 1LW
Palnackie Village Hall,DG7 1PQ
Parton Village Hall,DG7 3NE
Port William Library,DG8 9SD
Portpatrick Hall,DG9 8TZ
Richard Greenhow Centre,DG16 5AQ
Ringford Village Hall,DG7 2AL
Royal Four Towns Hall,DG11 1JN
Rugman's Hall,DG1 2RX
Ryan Centre,DG9 7AP
Sacro,DG1 2AT
Sanquhar Community Centre,DG4 6BT
Sanquhar Library,DG4 6DZ
Sanquhar Town Hall,DG4 6DF
Sorbie Village Hall,DG8 8EG
South Machars Community Centre,DG8 8PN
Speddoch Hall,DG2 9TZ
St Cowans Hall,DG8 0HH
St Ninians Hall,DG8 8LH
Stakeford and Summerville Community Centre,DG2 0AB
Stormont Hall,DG16 5HY
Stranraer Library,DG9 7LD
Stranraer Millennium Centre Community Trust,DG9 7JP
Summerhill Community Centre,DG2 9EF
The Hub,DG1 2RL
The Merrick Leisure Centre,DG8 6JQ
The Oven,DG1 2QT
The Smithy,DG1 2QT
Thornhill Community Centre,DG3 5LH
Thornhill Library,DG3 5NW
Troqueer Community Centre,DG2 7EZ
Twynholm Village Hall,DG6 4NT
Victoria Hall Complex,DG12 6EE
Wanlockhead Community Centre,ML12 6WT
Whauphill Village Hall,DG8 9NN
Albert Hall,DD2 2JE
Ardler Community Centre,DD2 3SU
Ardler Complex,DD2 3TP
Ardler Village Trust,DD2 3WN
Arthurstone Community Library,DD4 6RT
Barnhill Community Centre,DD5 2PU
Bharatiya Ashram,DD1 5RB
Blackness Community Library,DD2 1EJ
Boomerang Community Centre,DD4 6ET
Brooksbank Centre & Services,DD4 8DG
Broughty Ferry Library,DD5 2HN
Camperdown Masonic Lodge,DD1 2QA
Chamber East,DD1 1EP
Charleston Community Centre And Library,DD2 4NL
Coldside Community Library,DD3 7SE
Community Re-Use Hub,DD4 0NT
Community Services Complex,DD4 0DX
DFC Community Trust,DD3 7JY
DISC: Dundee International Sports Centre,DD4 7AA
Douglas Community And Library Centre,DD4 8SD
Douglas Sports Centre,DD4 8TG
Dundee Age Concern,DD3 8AW
Dundee Citizens Advice,DD1 1DB
Dundee International Women's Centre,DD3 7PY
Dundee North West Community Sports Club,DD3 8PF
Dundee Volunteer and Voluntary Action,DD1 1LL
Dundee West Church,DD1 4JW
Enterprise Centre,DD1 1LL
Fairfield Community Sports Hub,DD4 0JX
Fairmuir Social Club,DD3 8HL
Faith In Community Dundee,DD3 0AX
Finmill Centre,DD4 9EW
Finmill Community Centre,DD4 9EW
Fintry Community Library,DD4 9EW
Forthill Community Sports Club,DD5 3BL
Grey Lodge Settlement,DD1 2QF
Grove Swim and Sports Centre,DD5 1AB
Haven,DD3 7AU
Hilltown Community Centre,DD3 7DR
Hub Community Library and Learning Centre,DD4 8ES
Kirkton Community Centre And Library,DD3 0AX
Lochee Community Hub,DD2 3BL
Lochee Swimming and Leisure Centre,DD2 3AQ
Love And Light Spiritual And Wellbeing Centre,DD3 7PX
Menzieshill Community Centre,DD2 4TQ
Menzieshill Library,DD2 4BH
Mitchell Street Community Centre,DD2 2LJ
New Scottish Arts,DD1 4XA
Olympia,DD1 3JU
Rainbow House Dundee,DD4 8HZ
RockSolid Dundee,DD4 8RD
Scottish Islamic Cultural Centre of Dundee,DD4 6RU
St Aidan’s Centre,DD5 2EY
St Marys Community Facility,DD3 9NH
St. Paul's Swim and Sports Centre,DD3 0EH
Tajdar e Madina Masjid,DD1 2NP
Tayside Deaf Hub,DD1 5EF
Tayside Hindu Cultural and Community Centre,DD2 1AQ
The Attic Lounge,DD3 0DU
The Cardboard City,DD1 4DG
The Chaplaincy Centre - University of Dundee,DD1 4HN
The Circle,DD2 3SX
The Crescent,DD4 0HU
The Dundonald Centre,DD4 6SQ
The Maxwell Centre,DD3 7EW
The Roundhouse,DD4 0HU
The Scotty Centre,DD4 6PX
Transform Community Development,DD1 5QW
Whitfield Community Project,DD4 0HU
Whitfield Library,DD4 0HU
Altonhill Community Centre,KA3 1QQ
Auchinleck Leisure Centre,KA18 2LY
Auchinleck Library,KA18 2JY
Ayrshire Muslim Education Centre,KA3 7AH
Balmoral Road Centre,KA3 1HL
Barony Sports Village,KA18 1FQ
Bellsbank Community Centre,KA6 7SJ
Bonnyton Community Centre,KA3 1HL
Boswell Centre,KA18 2LA
Burns House Library,KA5 5BZ
Catrine Community Centre,KA5 6RT
Centre Stane Mauchline Community Centre,KA5 5DA
CentreStage,KA1 3AE
Citizens Advice Cumnock,KA18 1LF
Crosshouse Community Education Centre,KA2 0JJ
Crosshouse Library,KA2 0LE
Cumnock Library,KA18 1LH
Cumnock Town Hall,KA18 1BY
Dalmellington Community Centre,KA6 7SJ
Dalrymple Community Centre,KA6 6FA
Darvel Library,KA17 0AQ
Darvel Town Hall,KA17 0AQ
Dick Institute,KA1 3BU
Doon Valley Leisure Centre,KA6 7SJ
Drongan Community Centre,KA6 7BZ
Drongan Library,KA6 7BY
Galleon Centre,KA1 1QY
Galston Community Centre,KA4 8EN
Galston Library,KA4 8HQ
Grange Leisure Centre,KA1 2EN
Hareshaw Hall,KA3 6JB
Howard Centre,KA1 2BT
Hunter Fitness Suite,KA3 1NQ
Hurlford Community Centre,KA1 5DD
Kilmarnock YMCA Plus,KA3 1AP
Kilmaurs Community Centre,KA3 2TT
Kilmaurs Masonic Hall,KA3 2SZ
Loudoun Leisure Centre,KA4 8PD
Mauchline Community Centre,KA5 5DA
Morton Hall,KA16 9DG
Muirkirk Community Wing,KA18 3RH
NWKLEUS,KA3 2DF
Netherthird Community Centre,KA18 3AR
New Cumnock Town Hall,KA18 4AN
Newmilns Library,KA16 9DQ
Ochiltree Community Hub,KA18 2PE
Patna Community Centre,KA6 7LX
Patna Library,KA6 7LY
Rankinston Community Centre,KA6 7HB
Riccarton Community Centre,KA1 4HW
Rose Reilly Sports Centre,KA3 3DN
Shortlees Community Centre,KA1 4SR
Sir Alexander Fleming Centre,KA1 2AS
Sorn Village Hall,KA5 6HU
St John's Community Hall,KA18 1JU
St Joseph's Leisure Centre,KA3 7SL
Stewarton Area Centre,KA3 5AP
Stewarton Community Centre,KA3 5BG
Stewarton Library,KA3 5AP
Take A Bow Opportunity Centre,KA3 7PH
Vibrant Communities,KA1 1HW
Whatriggs Library,KA1 3SZ
William McIlvanney Leisure Centre,KA3 7DF
Allander Leisure Centre,G61 3DF
Auchinairn Community Centre,G64 1NG
B M a C C,G61 2LX
Bearsden Hall,G61 3QT
Bearsden Library,G61 3QT
Bishopbriggs Guide Hall,G64 2BP
Bishopbriggs Library,G64 2LX
Bishopbriggs Media Centre,G64 1QY
Bishopbriggs Mosque and Community Centre,G64 1NQ
Cadder North Hall,G64 3JJ
Cadder South Halls & Coffee Shop,G64 2JA
Campsie Memorial Hall,G66 7HA
Corbie Ha',G62 6PJ
Craighead Community Education Centre,G66 8DL
E D L C,G66 1AD
East Dunbartonshire Citizens Advice,G66 1HB
"Guide Hall, Milngavie",G62 7NR
Hillhead Community Centre,G66 2JT
Hillhead Community Club (HUSC Hall),G66 2PU
Huntershill Community Sports Hub,G64 1RU
Kessington Public Hall,G61 2DP
Kirkintilloch Baby Café,G66 2JT
Kirkintilloch Leisure Centre,G66 3DD
Kirkintilloch Town Hall,G66 1HN
Lennoxtown Enterprise Centre,G66 7LL
Lennoxtown Library,G66 7JJ
Lenzie Library,G66 5BG
Lillie Art Gallery,G62 8BZ
McGregor House,G66 1XF
Milngavie Community Library & Education Centre,G62 8PN
Milngavie Town Hall,G62 8BZ
Milngavie Youth Centre,G62 8PD
Milton of Campsie Village Hall,G66 8DD
St Andrew's Episcopal Church Hall,G62 6BW
The Fraser Centre,G62 6PA
The Leisuredrome,G64 3HD
Torrance Community Centre,G64 4DB
Twechar Healthy Living & Enterprise Centre,G65 9TA
Twechar Institute,G65 9QQ
War Memorial Hall,G64 3BS
Westerton Hall,G61 1NZ
Westerton Library,G61 1NZ
William Patrick Library,G66 1AD
Aberlady Village Hall,EH32 0RA
Aubigny Sports Centre,EH41 4DB
Bleachingfield Centre,EH42 1ER
Boggs Holdings Village Hall,EH34 5BB
Carers of East Lothian,EH41 3PF
Carriage House,EH34 5DL
Dunbar Community Centre,EH42 1BP
Dunbar Library,EH42 1DX
Dunbar Town House,EH42 1ER
East Linton Library,EH40 3BX
East Lothian Community Care Forum,EH41 3DX
Elphinstone Community Centre,EH32 9ST
Fletcher Hall,EH34 5DX
Garvald Village Hall,EH41 4LN
Gifford Village Hall,EH41 4QJ
Gullane Library,EH31 2AF
Gullane Village Hall,EH31 2HA
Haddington Citizens Advice,EH41 3NP
Haddington Corn Exchange,EH41 3DR
Haddington Day Centre,EH41 3DT
Haddington Games Club,EH41 4DA
Haddington Library,EH41 3DX
Haddington Town House,EH41 3JJ
Innerwick Village Hall,EH42 1SE
John Gray Centre,EH41 3DX
Loch Centre,EH33 2JX
Longniddry Community Centre,EH32 0LD
Longniddry Library,EH32 0LW
Macmerry Village Hall,EH33 1PL
Meadowmill Sports Centre,EH33 1LZ
Mercat Gait Centre,EH32 9PY
Musselburgh Citizens Advice,EH21 7DD
Musselburgh East Community Learning Centre,EH21 8JJ
Musselburgh Library,EH21 6AG
Musselburgh Sports Centre,EH21 7AS
Musselburgh Town Hall,EH21 8JJ
North Berwick Community Centre,EH39 4HH
North Berwick Council Chambers,EH39 4HH
North Berwick Hope Rooms,EH39 4JD
North Berwick Library,EH39 4JU
North Berwick Sports Centre,EH39 4QS
Nungate and Haddinton Community Hall,EH41 4AW
Ormiston Library,EH35 5LQ
Ormiston Village Hall,EH35 5JB
Pencaitland Trevelyan Hall,EH34 5DA
Pennypit Centre,EH35 5JB
Poldrate Arts and Crafts Centre,EH41 4DA
Port Seton Community Centre,EH32 0BN
Port Seton Library,EH32 0BG
Prestonpans Community Centre,EH21 6AA
Prestonpans Library,EH32 9NX
Spott Village Hall,EH42 1RJ
Stenton Village Hall,EH42 1TE
The Brunton Hall,EH21 6AA
The Fisherrow Centre,EH21 6AT
The George Johnstone Centre,EH33 1AA
The Haddington Bridge Centre,EH41 4DA
The Hollies Day Centre,EH21 7DE
The Trinity Centre,EH41 3EX
Tranent Library,EH33 1AE
Tranent Town Hall,EH21 6AT
Trevelyan Hall,EH34 5HA
Tynebank Resource Centre,EH41 4AP
Tyninghame Village Hall,EH42 1XL
Volunteer Centre East Lothian,EH33 1HH
Wallyford Community Centre,EH21 8PB
Wallyford Library,EH21 8FF
West Barns Village Hall,EH42 1UP
Whitecraig Centre,EH21 8PB
Whitekirk Village Hall,EH42 1XS
Albertslund Hall,G77 6WW
Arthurlie House,G78 2SE
Auchenback Resource Centre,G78 2LW
Barrhead Community Sport Hub,G78 1SQ
Barrhead Foundry,G78 1SQ
Busby Library,G76 8DX
Carmichael Hall,G46 7JS
Clarkston Hall,G76 8NE
Clarkston Library,G76 8NE
Cowan Park Gate House Lodge,G78 1SS
Dalmeny Community Centre,G78 1EQ
Duff Memorial Hall,G76 8DX
Dunterlie Community Centre,G78 1UZ
Dunterlie Resource Centre,G78 1AL
Eaglesham Community Library,G76 0LH
East Ren Centre,G77 5AA
East Renfrewshire Carers Centre,G46 7JS
East Renfrewshire Citizens Advice,G78 1SN
Eastwood High Sports Centre,G77 6NQ
Eastwood House,G46 7JL
Eastwood Park Leisure,G46 6UG
Eastwood Park Theatre & Gallery,G46 6UG
Fairweather Hall,G77 6BB
Giffnock Community Hub,G46 6JW
Giffnock Library,G46 6JF
Glen Community Hall,G78 3NL
Maccabi Youth and Sports Center,G46 6LD
Mearns Community Sport Hub,G77 6NQ
Mearns Library,G77 6EZ
Montgomerie Hall,G76 0LH
Muirend Pavillion,G44 3HQ
Mure Hall,G78 4AD
Neilston Leisure Centre,G78 3NN
Neilston Library,G78 3NN
Neilston Scout Group & Community Hall,G78 3LB
Netherlee Library,G44 3PH
Netherlee Pavilion,G44 3PL
St Andrews House,G78 1EB
Stamperland Community Hall and Residents Association,G76 8AJ
The Edge,G77 6BD
The Market Place Barrhead,G78 1LR
The Scottish Council of Jewish Communities (SCoJeC),G46 6UE
Thornliebank Library,G46 7SJ
Thorntree Hall,G46 7SF
Uplawmoor Library,G78 4AD
Voluntary Action East Renfrewshire,G78 1LR
Woodfarm Education Centre,G46 7HF
Woodfarm Pavilion,G46 7AA
16th Lauriston Scout Hall,FK2 9JR
Airth Community Hall,FK2 8LD
Avonbridge Community Hall,FK1 2LY
Bainsford Community Hall,FK2 7DZ
Bankier Community Education Wing,FK4 1TF
Bankier Sports Centre,FK4 1TF
Banknock Community Hall,FK4 1HX
Beancross and Newlands Community Hall,FK3 8QR
Bo'ness Library,EH51 0AH
Bo'ness Recreation Centre,EH51 9QB
Bo'ness Town Hall,EH51 9NJ
Bonnybridge Community Education Centre,FK4 1AA
Bonnybridge Library,FK4 1AD
Bowhouse Community Hall,FK3 8SD
Brethrens Meeting Hall,FK3 8BX
Brightons Community Hall,FK2 0SE
Broompark Community Hall,FK6 6NP
Camelon Community Centre,FK1 4HA
Carronshore Community Hall,FK2 8AF
Cowdenhill Community Centre,EH51 9NZ
Cowdenhill Community Hall,EH51 9PH
Dalgrain Community Hall,FK3 8HH
Dawson Centre,FK2 7RG
Denny Community Education Centre,FK6 6NW
Denny Library,FK6 6FA
Denny Sports Centre,FK6 5DX
Dennyloanhead Community Hall,FK6 5JZ
Dobbie Hall,FK5 4BL
Erskine Community Halls,FK1 5AA
Ettrick Dochart Community Hall,FK1 2QR
Falkirk Citizens Advice,FK2 7EW
Falkirk Guide Hall,FK1 1BG
Falkirk Islamic Centre,FK1 1UG
Falkirk Public Library,FK1 5AU
Falkirk and Clackmannanshire Carers Centre,FK1 1NB
Forth Valley Sensory Centre,FK1 4DD
Grange Community Education Centre,FK2 0AA
Grangemouth Community Education Unit,FK3 8JE
Grangemouth Library,FK3 8AG
Grangemouth Sports Complex,FK3 9JB
Grangemouth Town Hall,FK3 8AN
Greenpark Community Education Centre,FK2 0PZ
Hallglen Community Hall,FK1 2PF
Kersiebank Community Education Centre,FK3 9EF
Kersiebank Community Project,FK3 8BG
Larbert Library,FK5 3JX
Laurieston Community Hall,FK3 8SD
Limerigg Community Hall,FK1 3BP
Maddiston Community Education Centre,FK2 0LQ
Meadowbank Library,FK2 0GU
Newlands Community Hall,FK3 8QR
Oswald Avenue Day Centre,FK3 9AX
Park Street Community Education Centre,FK1 1RE
Polmont Old Parish Church Halls,FK2 0PT
Polmont Sports Centre,FK2 0XF
Reddingmuirhead Community Hall,FK2 0SE
Seafarers' Centre,FK3 8UD
Shieldhill Community Hall,FK1 2DX
Shieldhill Community Wing,FK1 2HA
Slamannan Community Education Centre,FK1 3HS
Slamannan Library,FK1 3EX
Tamfourhill Community Hall,FK1 4AP
The Mariner Centre,FK1 4HJ
Tryst Community,FK5 3BB
Tryst Community Education Centre,FK5 3BB
Westfield Park Community Hall,FK2 7DZ
Westquarter Community Project,FK2 9RN
Woodlands Games Hall,FK1 1QE
35th Fife Scout Hall,KY1 3AT
Aberdour Community Leisure Centre,KY3 0TR
Aberdour Library,KY3 0TR
Anstruther Easter Town Hall,KY10 3DF
Anstruther Wester Town Hall,KY10 3DJ
Argos Centre,KY2 6EJ
Association of Polish Veterans Club,KY2 5TA
Auchmuchty Learning Centre,KY7 4EF
Auchterderran Church Hall,KY5 0NE
Auchtermuchty Library,KY14 7AP
Auchtermuchty Town Hall,KY14 7AP
Auchtertool Village Hall,KY2 5XW
Baldridgeburn Community Centre,KY12 9EH
Ballast Bank Community Leisure Centre,KY11 1DS
Balmaise Community Centre,KY8 5AE
Benarty Library,KY5 8JH
Blairhall Community Centre,KY12 9PS
Blyth Hall Community Centre,DD6 8DB
Bowhill Centre,KY5 0BW
Broomhead Residents and Community Centre,KY12 9AA
Buckhaven Community Education Centre,KY8 1BH
Buckhaven Library,KY8 1LD
"Burgh Council Chambers, Burntisland",KY3 9AS
Burntisland Library,KY3 9AS
Cadham Library,KY7 6RU
Cadham Neighbourhood Centre,KY7 6RU
Cairneyhill Scout Hall,KY12 8RN
Camdean Community Centre,KY11 2UW
Cardenden Library,KY5 0EL
Carnock and Gowkhall Community Centre,KY12 9JP
Carstairs Hall,KY8 5HX
Cellardyke Town Hall,KY10 3BQ
Ceres Memorial Hall,KY15 5NN
Chapel Neighbourhood Centre,KY2 6TT
Co-operative Hall Cowdenbeath,KY4 9NT
Coaltown of Wemyss Village Hall,KY1 4NP
Colinsburgh Town Hall,KY9 1LN
Collessie Victory Hall,KY15 7RQ
Collydean Community Centre,KY7 6UL
Comrie Community Centre,KY12 9XS
Corrie Centre,KY5 0EL
Cosmos Community Centre,KY16 9LB
Cowdenbeath Citizens Advice,KY4 9NT
Cowdenbeath Co-op Hall,KY4 9QY
Cowdenbeath Library,KY4 9QA
Craigrothie Village Hall,KY15 5QD
Crail Community Hall,KY10 3UH
Crail Town Hall,KY10 3TL
Crombie Community Leisure Centre,KY12 8LD
Crossford Village Hall,KY12 8NJ
Crossgates Community Leisure Centre,KY4 8AL
Cupar Burgh Chambers,KY15 4LS
Cupar Citizens Advice,KY15 4TA
Cupar Corn Exchange,KY15 4BT
Cupar Library,KY15 5AS
Cupar YMCA-YWCA,KY15 4LG
Cupar Youth Cafe,KY15 4HA
Dairsie War Memorial Hall,KY15 4SR
Dalgety Bay Community Leisure Centre,KY11 9UZ
Dalgety Bay Library,KY11 9UY
Dalgety Bay Parish Church,KY11 9UY
Dalgety Bay Sports and Leisure Centre,KY11 9NA
Dell Farquharson Community Leisure Centre,KY12 7DS
Dolphin Community Centre,DD6 9EW
Duloch Leisure Centre,KY11 8LW
Duloch Library,KY11 8LW
Dunfermline Carnegie Library & Galleries,KY12 7NL
Dunfermline Citizens Advice,KY12 7AW
Dunnikier Community Hall,KY2 6JD
Dunshalt Village Hall,KY14 7HL
Dysart Community Hall,KY1 2TD
Earlsferry Town Hall,KY9 1AF
East Neuk Centre,KY10 3EX
East Wemyss Senior Citizens Club,KY1 4RQ
Elie Library,KY9 1AZ
Elie and Earlsferry Town Hall,KY9 1AF
Erskine Hall,KY10 3EX
Exit Community Centre,KY7 4RH
Falkland Community Hall,KY15 7BX
Free Gardiners Hall,KY8 1JX
Gallatown Community Hub,KY1 3EZ
Gateside Memorial Hall,KY14 7SY
Glebe Park Centre,KY1 1BL
Glenrothes Citizens Advice,KY6 2DA
Gregory Hall,DD6 9NR
Greig Institute,KY8 5DG
Guardbridge Bowling Club,KY16 0XB
Hayfield Community Centre,KY2 5DG
Hill of Beath Community Hub,KY4 8DP
Hive LGBT Centre,KY1 1XF
Inchkeith Court,KY7 6RX
Inverkeithing Library and Heritage Centre,KY11 1PA
James Allan Community Leisure Centre,KY12 0BU
Jennie Lee Library (Lochgelly Library),KY5 9RD
John Marshall Community Centre,KY11 8AB
Johnston Hall,KY11 1LG
Jubilee Centre,KY7 4SH
Kelty Community Centre,KY4 0AQ
Kelty Library,KY4 0AQ
Kennoway Community Centre,KY8 5HX
Kennoway Library,KY8 5LA
Kettle Memorial Hall,KY15 7PN
Kincardine Community Centre,FK10 4SF
Kincardine Library,FK10 4ND
Kinghorn Community Centre,KY3 9SS
Kinglassie Community Halls,KY5 0XA
Kingseat Community Leisure Centre,KY12 0TH
Kingskettle Memorial Hall,KY15 7PN
Kirkcaldy Citizens Advice,KY1 1XT
Kirkcaldy Town House,KY1 1XW
Ladybank Library,KY15 7JS
Largoward Village Hall,KY9 1HZ
Leslie Library,KY6 3AX
Letham Village Hall,KY15 7RS
Leven Citizens Advice,KY8 4PF
Leven Library,KY8 4HE
Linton Lane Centre,KY2 6LF
Lochgelly Town Hall,KY5 9RE
Lumphinnans Sports Hub,KY4 9HW
Lumsden Memorial Hall,KY15 7EX
Luthrie Village Hall,KY15 4NY
Markinch Town Hall,KY7 6AA
Maxwell Centre,KY4 9DD
Memorial Park Neighbourhood Centre,KY8 3PD
"Merry Poppins Centre, Kirkcaldy",KY2 6AG
Methil Community Education Centre,KY8 3DH
Methil Library,KY8 3PA
Methilhill Senior Citizens Centre,KY8 2DP
Michael Woods Sports & Leisure Centre,KY6 2RD
Milton of Balgonie Village Hall,KY7 6QG
Newburgh Library and Heritage Centre,KY14 6DA
Newport Library and Heritage Centre,DD6 8DD
North Queensferry Community Centre,KY11 1JD
Oakley Community Centre,KY12 9QF
Oakley Library,KY12 9RJ
Old Parish Centre,KY15 5EQ
Old Townhouse,KY11 1LX
Overton Community Centre,KY1 3JP
Park Road Centre,KY1 3EL
Parkgate Community Centre,KY11 2JW
Pathhead Hall,KY1 2NX
Paxton Centre,KY8 6AT
Philp Hall,KY1 1QX
Pitreavie Athletics Centre,KY11 8PP
Pittenweem New Town Hall,KY10 2QL
Pitteuchar Tenants Meeting Room,KY7 4PY
Queens Hall,KY11 3EG
Raeburn Hall,KY2 5QQ
Rainbow Roomz,KY6 3DA
Rio Community Centre,DD6 8AH
Rosie McDuff Hall,KY1 4QH
Rosyth Community Hub,KY11 2RD
Rosyth Library,KY11 2JW
Rothes Halls Library,KY7 5NX
Sailors Rest Centre,KY8 3EF
Saline Community Leisure Centre,KY12 9TL
Sandy Brae Community Centre,KY8 5JN
Savoy Sports Pavilion,KY8 3JQ
Scout Hut,DD6 8HX
Senior Citizens Club,KY1 4RQ
Simpson Institute,KY8 6EU
Smeaton Community Centre,KY12 9NB
Springfield Church Hall,KY15 5RY
St Andrews Citizens Advice,KY16 9UY
St Andrews Library,KY16 9NN
St Andrews Town Hall,KY16 9TA
St Andrews Victory Memorial Hall,KY16 9UY
St Clair Centre,KY1 3DT
"St Columbas Church Hall, Rosyth",KY11 2QL
St Monans Library,KY10 2DH
St Monans Town Hall,KY10 2DH
Star Of Markinch Village Hall,KY7 6LB
Stenton Jubilee Community Centre,KY7 4SH
Stephen Memorial Hall,KY12 8HP
Strathmiglo Public Hall,KY14 7QL
Tayport Burgh Chambers,DD6 9JY
Tayport Library,DD6 9JY
Tayside Institute Community Centre,KY14 6DA
Templehall Community Centre,KY2 6EX
Templehall Library,KY2 6EX
The Centre,KY8 4QP
The Cottage Family Centre,KY2 6LH
The International Centre,KY1 1NJ
The Larick Centre,DD6 9EA
The Lomond Centre,KY7 5RA
The Veronica Hall,KY1 2LJ
Thornton O.A.P Club,KY1 4AN
Thornton Public Hall,KY1 4AG
Toll Community Centre,KY3 9HA
Toll Community Hub,KY3 9AE
Torryburn Community Centre,KY12 8SR
Touch Community Centre,KY11 4UG
Tower House Centre,KY12 7JT
Townhill Community Centre,KY12 0EN
Townhill Sports Complex,KY12 0HT
Upper Library Hall,KY3 9AS
Valleyfield Community Centre,KY12 8SJ
Valleyfield Library,KY12 8UA
Victoria Hall,KY14 7AJ
Victory Memorial Hall,KY16 9XE
Waid Community Campus,KY10 3GY
Waid Library,KY10 3GY
Waterstone Crook Sports Centre,DD6 8HY
Wilkie Memorial Hall,KY15 7SP
Windmill Community Campus,KY1 3AL
Windmill Library,KY1 3AL
Woodside Community Centre,KY7 5DF
Young Community Hall,KY3 0EQ
Acre Community Hall,G20 0TW
African Arts Centre,G51 2YU
African and Caribbean Centre,G1 5RB
Ahl Al Bait Society,G3 7QL
Al-Farooq Education and Community Centre,G42 8EJ
Alive and Kicking Project,G21 4PH
Anniesland Library,G13 1LE
Arden Community Hall,G46 8BW
Bahatt Jiayah Communuity Centre,G41 1DL
Baillieston Library,G69 6AH
Balgrayhill Community Centre,G21 3AE
Barlanark Community Centre,G33 4RZ
Barmulloch Community Centre,G21 3PX
Barmulloch Library,G21 3PX
Barmulloch Recreation Hall,G21 3BA
Barmulloch Residents Centre,G21 3ET
Barrowfield Community Centre,G31 4AQ
Battlefield Court,G42 9ER
Beatroute Arts,G21 3RP
Bellcraig Community Centre,G23 5QA
Bishoploch Residents Hall,G34 0LF
Bluevale Community Centre,G31 3SZ
Bridgeton Citizens Advice,G40 1HA
Bridgeton Community Learning Campus,G40 4TL
Bridgeton Library,G40 2QH
Bridging the Gap,G5 0YT
Broomfield Road Centre,G21 3HW
Broomhouse Community Hall,G71 7SB
Brunswick Centre,G21 3NN
Cadder Community Centre,G23 5AE
Capoeira Senzala Glasgow,G20 7QE
Cardonald Library,G52 3BU
Carmyle Community Centre,G32 8AG
Carnwadric Community Hall,G46 8PQ
Castlemilk Community Centre,G45 9UG
Castlemilk Library,G45 9TN
Castlemilk Youth Complex,G45 0EQ
City Halls,G1 1NQ
Clyde Community Hall,G51 2YB
Common Village,G4 0ET
Community Central Hall,G20 7YE
Connect Community Trust,G33 4HG
Couper Institute,G44 3DA
Cranhill Community Centre,G33 3HE
Cranhill Development Trust,G33 3HE
Crookston Community Group,G53 5TF
Dalmarnock Community Centre,G40 3HE
Darnley Community Centre,G53 7LA
Dennistoun Library,G31 2NA
Drumchapel Bowls and Tennis,G15 8LY
Drumchapel Community Centre,G15 7HA
Drumchapel Library,G15 8LX
Easterhouse Citizens Advice,G34 9DT
Eastwood House,G46 7JL
Elder Park Library,G51 3TZ
Elderpark Community Centre,G51 3ST
FARE,G34 0JF
Fearless Space,G31 1SG
Gallery of Modern Art,G1 3AH
Garnethill Multicultural Centre,G3 6RE
Garrowhill Community Centre,G69 6LU
Geoff Shaw Community Centre,G42 0DN
Glasgow Central Citizens Advice,G3 7DN
Glasgow Citizens Advice,G15 8NS
Glasgow Club Bellahouston,G52 1HH
Glasgow Club Castlemilk,G45 9NH
Glasgow Club Castlemilk Pool,G45 9UG
Glasgow Club Crownpoint Sports Complex,G40 2AL
Glasgow Club Donald Dewar,G15 8SX
Glasgow Club Drumchapel Pool,G15 8NS
Glasgow Club Drumoyne,G51 4AW
Glasgow Club Easterhouse,G34 9HQ
Glasgow Club Gorbals,G5 0YP
Glasgow Club Haghill,G31 3LS
Glasgow Club Holyrood,G42 8BA
Glasgow Club John Paul,G23 5LY
Glasgow Club Kelvin Hall,G3 8AW
Glasgow Club Maryhill,G20 8YE
Glasgow Club Milton,G22 7QR
Glasgow Club Nethercraigs,G52 1RR
Glasgow Club North Woodside,G4 9YQ
Glasgow Club Palace of Art,G52 1EQ
Glasgow Club Pollok,G53 6EW
Glasgow Club Scotstoun,G14 9HY
Glasgow Club Springburn,G21 1JY
Glasgow Club Whitehill Pool,G31 2QF
Glasgow Club Yoker,G14 0LN
Glasgow Green Football Centre,G40 1HB
Glasgow North West Citizens Advice,G20 8YA
Glasgow School of Sport,G41 5QE
Glasgow the Caring City,G51 1HJ
Glenburn Centre,G34 9AN
Gorbals Library,G5 9XD
Govanhill Community Sports Centre,G42 8RR
Govanhill Library,G42 7JU
Govanhill Neighbourhood Centre,G42 8JL
Greater Pollock Citizens Advice,G53 6EW
Heart of Scotstoun Community Centre,G14 0BL
Helenslea Community Hall,G31 4RB
Hillhead Library,G12 8AP
Hyndland Community Centre,G12 9RU
Ibrox Library,G51 1SL
Jamia Islamia - Muslim Community Centre,G41 3JW
Kelvin Hall,G3 8AW
Kelvingrove Lawn Bowls and Tennis Centre,G3 6BY
Kennishead Community Hall,G46 8PR
Kingsway Community Connections,G14 9SR
Kinning Park Complex,G41 1BA
Knightswood Library,G13 3BB
Lambhill Community Garden,G22 6RD
Lambhill Stables,G22 6RD
Langside Hall,G41 2QR
Langside Library,G42 9QE
Larkfield Centre,G42 7AY
Leithland Neighbourhood Centre,G53 5SR
Library at The Bridge,G34 9JW
Linkes,G13 3PP
Love Milton,G22 7EY
Mansewood Community Centre,G43 2AF
Maryhill Burgh Halls,G20 8YE
Maryhill Community Centre,G20 8TS
Maryhill Library,G20 9AD
Maslows,G51 3BQ
Mel-Milaap Community Centre,G12 8HQ
Milton Library,G22 7QR
Mitchell Library,G3 7DN
Molendinar Community Centre,G33 1HE
Moogety Grub Hub,G51 3SJ
Mount Vernon Community Hall,G32 9LE
Nan McKay Community Hall,G41 5SR
Netherton Community Centre,G13 1AX
North United Communities,G20 9NF
North West Recovery Communities,G3 8DX
Oatlands Community Hub,G5 0LS
Old Fruitmarket,G1 1NQ
On the Corner,G40 1PE
Parish of Govan Town Hall,G51 2QJ
Parkhead Citizens Advice,G31 4DN
Parkhead Library,G31 4XA
Partick Burgh Hall,G11 5LW
Partick Library,G11 6AB
Penilee Community Centre,G52 4BD
Phoenix Neighbourhood Centre,G15 8JH
Pollockshaws Burgh Hall,G43 1NE
Pollockshaws Community Hub and Garden,G43 1NP
Pollok Community Centre,G53 5DP
Pollok Library,G53 6EN
Pollokshaws Library,G43 1RW
Pollokshields Community Centre,G41 2NT
Pollokshields Library,G41 2LF
Possilpark Library,G22 5JJ
Possilpoint Community Centre,G22 5LQ
Preshal Trust,G51 4QX
Renfield Centre,G2 4JP
Riddrie Library,G33 2QF
Riverside Hall,G51 2AJ
Royston Library,G21 2QW
Roystonhill Recreation Centre,G21 2HG
Ruchazie Community Centre,G33 3TJ
Ruchill Community Centre,G20 9NF
Salahuddin Mosque and Islamic Centre,G40 3RZ
Scottish Africa United,G21 2JF
Shettleston Community Centre,G32 7UT
Shettleston Library,G32 7AX
Sighthill Community Centre,G21 1RB
Soul Food Sisters,G1 5DS
Spirit of Springburn,G21 1TS
Springburn Library,G21 1JY
Springburn Park Community Auditorium,G21 3AH
Sri Mangala Vinayahar Community Centre,G22 5EU
St Francis Community Centre,G5 0SE
St Mungo's Village Hall,G4 0PH
St Rollow Community Outreach Project,G21 1TN
Stonedyke Neighbourhood Centre,G15 6AW
The Annexe Healthy Living Centre,G11 5PE
The Barn Youth Centre,G5 9QS
The Bowling Green,G41 1SU
The Concrete Garden,G22 6LJ
The Dixon Community,G42 8AA
The Jenniburn Centre,G45 0HE
The Legacy Hub,G40 3LJ
The Maryhill Hub,G20 8HF
The Pheonix Centre,G4 0NT
The Pyramid,G3 8DS
The Reidvale Neighbourhood Centre,G31 1QW
The Space,G40 1PE
The St Matthews Centre,G22 6LJ
The Whiteinch Centre,G14 0UG
The Women's Centre Glasgow,G20 9DA
Tollcross Community Centre,G32 8HE
Tollcross International Swimming Centre,G32 7QR
Toryglen Community Hall,G42 0LA
Toryglen Regional Football Centre,G42 0BY
Townhead Village Hall,G4 0PL
Tramway,G41 2PE
Well-Fed Scotland,G14 0SY
Whitefield Community Hall,G51 2YB
Whiteinch Library,G14 9RL
Whiterose Community Hall,G31 5LP
Windsor Community Hall,G20 7NA
Woodside Halls,G20 7QE
Woodside Library,G3 6TQ
Yoker Community Campus,G14 0LL
Acharacle Community Company,PH36 4JJ
Achiltibuie Library,IV26 2YG
Alness Citizens Advice,IV17 0UD
"Arainn Fhinn, The Fingal Centre",IV51 9ET
Ardersier Library,IV2 7SU
Ardersier War Memorial Hall,IV2 7SU
Ardnamurchan Community Library,PH36 4JA
Ardross Community Hall,IV17 0XW
Averon Leisure Centre and Library,IV17 0QB
Aviemore Community and Leisure Centre,PH22 1SF
Aviemore Library,PH22 1SF
Avoch Community Centre,IV9 8PS
Badenoch Centre,PH21 1EH
Ballachulish Village Hall,PH49 4HL
Balloch Village Hall,IV2 7HG
Balnain Hall,IV63 6TJ
Beauly Library,IV4 7EH
Bettyhill Library,KW14 7SS
Black Isle Leisure Centre,IV10 8TJ
Boat of Garten Community Hall,PH24 3BL
Bonar Bridge Library,IV24 3EA
Broadford Hall,IV49 9AG
Broadford Library,IV49 9AB
Brora Community Learning Centre,KW9 6PQ
Brora Library,KW9 6PD
Caithness Citizens Advice,KW14 8AD
Cameron Youth Centre,IV3 5DM
Caol Community Centre,PH33 7DS
Caol Library,PH33 7DP
"Carnegie Hall, Clashmore",IV25 3RG
Charleston Academy Community Campus,IV3 8ET
Coigach Community Hall,IV26 2YG
Craig MacLean Leisure Centre,PH26 3HU
Craigmonie Centre,IV63 6XA
Cromarty Library,IV11 8XA
Culcabock and Drakies Community Hall,IV2 3TD
Culloden Leisure Centre,IV2 7JZ
Culloden Library,IV2 7LL
Dingwall Citizens Advice,IV15 9JB
Dingwall Community Centre,IV15 9JZ
Dingwall Community Library,IV15 9LT
Dingwall Leisure Centre,IV15 9LH
Dingwall St Clements Church Hall,IV15 9SB
Dingwall Town Hall,IV15 9SB
Dornoch Library,IV25 3SH
Duror and Kentallen Community Centre,PA38 4BS
Edderton Village Hall,IV19 1LA
Eddie MacGillivray Community Hall,IV1 1NX
Evanton Sports Centre,IV16 9UT
Farr Community Hall,IV2 6AX
Findon Hall,IV7 8GX
Fort William Citizens Advice,PH33 6JB
Fort William Library,PH33 6EU
Fortrose Community Library,IV10 8TW
Fortrose Town Hall,IV10 8TE
Gairloch Community Hall,IV21 2BP
Gairloch Community Library,IV21 2BP
Gairloch Leisure Centre,IV21 2BP
Glengarry Community Hall,PH35 4HG
Glenuig Hall,PH38 4NG
Glenurquhart Library and Learning Centre,IV63 6XA
Golspie Library,KW10 6RF
Gordon Memorial Hall,IV10 8UE
Grantown on Spey Library,PH26 3HF
Green Drive Hall,IV2 4EU
Helmsdale Library,KW8 6JX
Helmsdale Library and Community Centre,KW8 6JX
Hilton Community Centre,IV2 4HT
Inshes Library,IV2 3RF
Invergordon Leisure Centre,IV18 0LB
Invergordon Library,IV18 0DG
Inverinate and Loch Duich Community Centre,IV40 8HD
Inverness Badenoch and Strathspey Citizens Advice,PH22 1RH
Inverness Citizens Advice,IV1 1DR
Inverness Leisure,IV3 5SS
Inverness Library,IV1 1NH
Inverness Mosque and Islamic Community and Education Centre,IV1 1NE
Inverness Royal Academy Sports Centre,IV2 6RE
Inverness Town House,IV2 3BJ
James Cameron Community Centre,IV3 5RH
Kilmallie Community Centre,PH33 7JH
Kincraig Community Hall,PH21 1NW
Kinlochleven Community Library,PH50 4QH
Kirkhill Community Centre,IV5 7NX
Knoydart Library,PH41 4PL
Kyle Village Hall,IV40 8BF
Kyle of Lochalsh Library,IV40 8AB
Lairg Community Centre,IV27 4DD
Lairg Library,IV27 4DD
Leachkin Guide Hall,IV3 8NN
Leanaig Centre,IV7 8BE
Loch Torridon Community Centre,IV22 2EZ
Lochaber Leisure Centre,PH33 6BU
Lochbroom Leisure Centre,IV26 2UE
Lochcarron Library,IV54 8YQ
Macphail Centre,IV26 2UN
Mallaig Library,PH41 4PX
Merkinch Community Centre,IV3 8AD
Minginish Community Hall,IV47 8SL
Muir of Ord Library,IV6 7RR
Muir of Ord Village Hall,IV6 7TA
Nairn Citizens Advice,IV12 4BJ
Nairn Community and Arts Centre,IV12 4BQ
Nairn Leisure Centre,IV12 4EA
Nairn Library,IV12 4AU
Newtonmore Village Hall,PH20 1DA
North Coast Leisure Centre,KW14 7SS
North Kessock Village Hall,IV1 3XS
North and West Sutherland Citizens Advice,IV27 4RR
Old High Church Hall,IV1 1LU
Plockton Library,IV52 8TG
Plockton Village Hall,IV52 8TN
Poolewe Village Hall,IV22 2LD
Portree Citizens Advice,IV51 9BT
Portree Community Centre,IV51 9BW
Portree Community Library,IV51 9ET
Raasay Community Hall,IV40 8PA
Raigmore Community Centre,IV2 3UY
Reay Village Hall,KW14 7RE
Seaboard Centre,IV20 1UA
Skye Gathering Hall,IV51 9DD
Spectrum Centre,IV1 1LS
Stratherrick Public Hall,IV2 6YS
Strathpeffer Community Centre,IV14 9AG
Tain Citizens Advice,IV19 1AR
Tain Library,IV19 1AZ
The Ceilidh House and Heritage Centre,IV40 8JH
The Green Hall,IV2 7NP
The Hub,IV2 3XX
The Leven Centre Kinlochleven Community and Sports Centre,PH50 4QH
The Mercat Centre,IV18 0PU
The Strathdearn,IV13 7YN
The Sunart Centre,PH36 4JA
The Wildside Centre,IV2 6YP
Thurso Leisure Centre,KW14 8PS
Thurso Library,KW14 7AF
Tracc,IV19 1DX
Ullapool Community Library,IV26 2UN
Ullapool Village Hall,IV26 2XE
Victoria Diamond Jubilee Hall,IV16 9YG
West End Community Centre,IV17 0RS
Wick Citizens Advice,KW1 4LR
Wick Library,KW1 5SA
Wick Swimming Pool and Fitness Suite,KW1 5LT
Wick Town Hall,KW1 4AG
Auchmountain Community Resource Centre,PA15 3LG
Auchmountain Glen Project Hall,PA15 4UQ
Befriending at Inverclyde Community Development Trust,PA14 5HU
Belville Community Garden Trust,PA15 4UN
Birkmyre Park Gym,PA13 4JA
Boglestone Community Centre,PA14 5UD
Branchton Community Centre,PA16 0XX
Broomhill Gardens & Community Centre,PA15 4QD
CVS Inverclyde,PA15 1DE
Cargill Centre,PA13 4HA
Central Library,PA15 1JB
Champions Boards,PA15 1NB
Clune Park Resource Centre,PA14 5NT
Clydemen Lunch Club,PA14 6HB
Colourful Kilmacolm,PA13 4AB
Community Connectors,PA15 1NB
Craigend Resource Centre,PA15 2HD
Crawfurdsburn Community Centre,PA15 2TL
Cruden Hall,PA15 4RQ
Friends of Coves Community Nature Reserve Volunteer Group,PA16 7LR
Gamble Halls,PA19 1RG
Garage Project,PA15 4NP
Gourock Amateur Swimming Club,PA15 1EW
Gourock Bowling Club,PA19 1JX
Gourock Library,PA19 1QU
Gourock Youth and Community Centre,PA19 1JS
Greenock Central Library,PA15 1NA
Greenock Sports Centre,PA15 1QH
Greenock Town Hall,PA15 1LY
Grieve Road Community Centre,PA16 7AL
Grosvenor Bowling Club,PA15 4QE
Inverclyde Advice & Employment Rights Centre,PA15 1JZ
Inverclyde Athletic Club,PA16 9EW
Inverclyde Community Hub,PA15 1DE
Inverkip Community Hub,PA16 0FZ
Inverkip and Wemyss Bay Library,PA16 0FZ
Kilmacolm Library,PA13 4LE
Lady Alice Bowling Club,PA16 9AF
Lady Octavia Sports Centre,PA15 2JN
Larkfield Community Hall,PA16 0PG
Mearns Centre,PA15 4QD
Paton Street Community Leisure Centre,PA16 7EL
Port Glasgow Bowling Club,PA14 5AR
Port Glasgow Library,PA14 5EQ
Port Glasgow Town Hall,PA14 5HD
Port Glasgow Voluntary Trans-Port Group,PA14 5XS
Rainbow Family Centre,PA14 6DY
South West Library,PA16 9HG
St Francis Social Centre,PA14 6JD
Summit Centre,PA15 4PZ
The Beacon Arts Centre,PA15 1HJ
The Salvation Army in Greenock,PA15 4NP
Victim Support Inverclyde,PA15 1XU
Waterfront Leisure Complex,PA15 1EW
Wemyss Bay Community Centre,PA18 6AT
Wemyss Bay Station Bookshop,PA18 6AA
Your Voice,PA15 1NB
Arniston Miners Welfare and Social Club,EH23 4AQ
Beeslack Community High School Community Facilities,EH26 0QF
Bilston Miners Welfare and Social Club,EH25 9RW
Bilston Parish Church,EH25 9SJ
Birkenside Pavilion,EH23 4JS
Bonnybrigg Hall,EH19 3AD
Bonnyrigg Bowling Club,EH19 2AG
Bonnyrigg Guide Hall,EH18 1LR
Bonnyrigg Rose Social Club,EH19 3AX
Carrington Village Hall,EH23 4LP
Cockpen and Carrington Church Hall,EH19 3AS
Community Learning and Development Centre,EH19 2LA
Cousland Village Hall,EH22 2NT
Dalhousie Masonic Lodge,EH19 2LA
Dalkeith Arts Centre,EH22 1AE
Dalkeith Citizens Advice,EH22 1HA
Dalkeith Corn Exchange,EH22 1AZ
Dalkeith Masonic Lodge,EH22 1BE
Dalkeith Miners Club,EH22 2AT
Dalkeith Schools Community Campus,EH22 2PS
Dalkeith Welfare Hall,EH22 1AP
Danderhall Leisure Centre,EH22 1QL
Danderhall Library,EH22 1QL
Danderhall Miners Club,EH22 1QU
Danderhall Pavilion,EH22 1QJ
Easthouses Miners Welfare & Social Club,EH22 2AT
Fala Village Hall,EH37 5SY
Girl Guides Midlothian Training Centre,EH23 4NU
Glencorse Centre,EH26 0QZ
Gorebridge Beacon,EH23 4TT
Gorebridge Bowling Club,EH23 4BZ
Gorebridge Community Hive,EH23 4TP
Gorebridge Leisure Centre,EH23 4TX
Gorebridge Library,EH23 4TX
Gorebridge Parish Church,EH23 4TT
Howgate Village Hall,EH26 8QB
King George V Pavilion,EH19 2AD
Kirkbank Centre,EH22 3LH
LO-GY Centre,EH20 9AX
Ladywood Centre,EH26 8HD
Lasswade Centre,EH19 2LA
Lasswade Pavilion and Pitches,EH18 1AY
Lawfield Primary School Community Facilities,EH22 5BB
Loanhead Leisure Centre and Pool,EH20 9LA
Loanhead Library,EH19 2LA
Loanhead Miners Club,EH25 9RN
Loanhead Parish Church,EH19 2DA
Lodge Newbattle St Mary 1063,EH22 4RW
"Lodge St Leonard, Loanhead and Lasswade",EH20 9RE
Lothians Veterans Centre,EH22 1AG
MARC Building,EH22 2AT
Mayfield & Easthouses Church,EH22 5AD
Mayfield Bowling Pavilion,EH22 3EE
Mayfield Community Club,EH22 5PE
Middleton Village Hall,EH23 4QU
Midlothian-Bonnyrigg Mosque,EH19 3AD
Newbattle Church Kirkbank Centre,EH22 3LQ
Newbattle Community Education Centre,EH22 4RT
Newbattle Community Learning Centre,EH22 5PB
Newbattle Leisure Centre,EH22 4SX
Newtongrange Leisure Centre,EH22 4PG
Newtongrange Library,EH22 4LF
One Dalkeith,EH22 1AG
Our Lady's Church Hall,EH19 2JT
Pathhead Pavilion Callander Park,EH37 5TJ
Pathhead Village Hall,EH37 5QB
Pathhead and District Social Club,EH37 5PZ
Penicuik Citizens Advice Bureau,EH26 8AB
Penicuik Community Learning Centre,EH26 9EP
Penicuik Family Learning Centre,EH26 0HE
Penicuik Library,EH26 8HN
Penicuik North Kirk,EH26 9BL
Penicuik Town Hall,EH26 8HS
Pitcairn Centre,EH19 2DB
Rosewell Parish Church,EH24 9DW
Roslin Community Hall,EH25 9ND
Roslin Library,EH25 9LD
Rosslyn Bowling Club,EH25 9LW
Rosslyn St Clair 606 Lodge,EH25 9LD
Sherwood Community Centre,EH19 3HR
Shottstown Miners Social Club,EH26 8AT
Silverburn Community Hall,EH26 9LH
St John and Kings Park Church,EH22 1HJ
St Leonard's Church Hall,EH18 1LR
St Mary's Church,EH22 2NA
St Mungo's Church,EH26 8HX
St Nicholas Buccleuch Parish Church,EH22 1AX
Temple Village Hall,EH23 4SQ
The Dean Tavern Trust,EH22 4NA
The Grassy Riggs,EH22 2AT
The Link,EH20 9HG
The Sacred Heart Church,EH26 8NE
The Steading,EH24 9AA
VOCAL Midlothian Carer Centre,EH22 3NX
Vocal,EH26 0JJ
Vogrie Hall,EH23 4HH
Waverley Pavilion,EH19 3BU
Aberlour Library,AB38 9QA
Alves Hall,IV36 2RB
Archiestown Village Hall,AB38 7QN
Birnie Kirk Hall,IV30 8SU
Birnie Public Hall,IV30 8GZ
Bishopmill Hall,IV30 4DH
Boharm Public Hall,AB55 6YH
Brodie Village Hall,IV36 2TD
Buckie Community Centre,AB56 1QB
Buckie Fishermen's Hall,AB56 1HT
Buckie Library,AB56 1HB
Buckie Swimming Pool and Fitness Centre,AB56 1PX
Burghead Community Hall,IV30 5UJ
Burghead Library,IV30 5UE
Carron Village Hall,AB38 7QP
Citizens Advice Moray,IV30 1LU
Craigellachie Village Hall,AB38 9SW
Cullen Community and Residential Centre,AB56 4AF
Cullen Library,AB56 4AF
Drummuir Hall,AB55 5JE
Dufftown Community Centre,AB55 4AR
Dufftown Library,AB55 4AB
Dufftown Mortlach Memorial Hall,AB55 4AY
Duffus Village Hall,IV30 5WE
Dyke and District Village Hall,IV36 2TH
Edinkillie Community Hall,IV36 2QW
Elgin Library,IV30 1HS
Elgin Sports and Community Centre,IV30 1UE
Elgin Town Hall,IV30 1UL
Findhorn Hive,IV36 3SH
Findhorn Village Centre,IV36 3YR
Findochty Town Hall,AB56 4PJ
Fleming Hall,AB38 9PR
Fochabers Library,IV32 7DJ
Fochabers Public Institute,IV32 7EP
Fogwatt Hall,IV30 8FW
Forres House,IV36 1BU
Forres Swimming Pool and Fitness Centre,IV36 1FG
Forres Town Hall,IV36 1PB
Garmouth and Kingston Community Hub,IV32 7NQ
Glenlivet Public Hall,AB37 9BX
Glenrinnes Community Centre,AB55 4DB
Grant Hall,AB38 7BJ
Hopeman Memorial Hall,IV30 5SL
Houldsworth Institute,IV36 2SA
Inchberry Hall,IV32 7QB
James Milne Institute,IV36 3YF
Keith Library,AB55 5DP
Keith Sports and Community Centre,AB55 5GT
King Memorial Hall,AB55 6SL
Lhanbryde Community Centre,IV30 8QQ
Longmore Community Hall,AB55 5HA
Lossiemouth Library,IV31 6AA
Lossiemouth Sports and Community Centre,IV31 6JW
Margach Hall,AB38 7RX
McBoyle Hall,AB56 4NF
Milne's Fitness Suite,IV32 7DJ
Miltonduff Public Hall,IV30 8TQ
Moray Leisure Centre,IV30 1AP
Moray Sports Centre,IV30 8AR
New Elgin Hall,IV30 6BL
Newmill Village Hall,AB55 6TW
Pluscarden Village Hall,IV30 8TZ
Portessie Public Hall,AB56 1TD
Portgordon Sports and Community Centre,AB56 2BT
Portgordon Village Hall,AB56 5QW
Rafford Village Hall,IV36 2RU
Richmond Public Memorial Hall,AB37 9ET
Roseisle Village Hall,IV30 5YF
Rothiemay Public Hall,AB54 7LX
Speymouth Hall,IV32 7JX
Speyside Sports and Community Centre,AB38 9QN
Spynie Village Hall,IV30 8XJ
St John's Church Hall,IV36 1BL
St Thomas Hall,AB55 5AL
The Fishermen's Hall,AB56 1HT
The Inkwell,IV30 1LQ
Tomintoul Library,AB37 9ET
Urquhart Parish Hall,IV30 8LG
Williamson Hall,IV30 1QS
Back Recreational Centre,HS2 0LT
Balallan Old School,HS2 9PN
Barvas and Brue Community Centre,HS2 0RA
Bayhead Bridge Centre,HS1 2EB
Bays of Harris Community Centre,HS3 3EH
Bernera Community Centre,HS2 9LT
Berneray Village Hall,HS6 5BJ
Breasclete Community Centre,HS2 9EA
Bridge Community Centre Youth and Community Group,HS1 2DU
Carinish Village Hall,HS6 5EJ
Carloway Community Centre,HS2 9EA
Castlebay Community Library,HS9 5XD
Castlebay Sports Centre,HS9 5ZE
Ceann na h-Àirigh,HS6 5JA
Citizens Advice Western Isles,HS1 2HP
Clan MacQuarrie Centre,HS2 0RX
Failte Centre,HS1 2DZ
Grianan Day Centre,HS1 2LD
Ionad Na Seann Sgoil,HS2 9BQ
Ionad Spòrs Eilean na Hearadh,HS3 3BG
Ionad Spòrs Leòdhais,HS1 2PZ
Ionad Stoodie,HS2 0PE
Laxdale Hall,HS1 2DX
Leverburgh Hall,HS5 3TS
Leverhulme Community Hub,HS5 3TS
Lionacleit Community Library,HS7 5PJ
Lochmaddy Community Hall,HS6 5AE
North Lochs Community Centre,HS2 9NU
North Tolsta Community Hall,HS2 0NH
Scaladale Centre,HS3 3AB
Scalpay Community Centre,HS4 3XX
Sgoil Lionacleit Sports Centre,HS7 5LA
Shawbost Old School,HS2 9BQ
Spors Nis,HS2 0XB
St. Columba’s Church Hall,HS2 0PA
Stoneybridge Hall,HS8 5SD
Stornoway Library,HS1 2DA
Stornoway Town Hall,HS1 2XF
Taigh Sgire Sholais,HS6 5BS
Talla na Mara,HS3 3AE
Tarbert Community Centre,HS3 3DG
Tarbert Community Library,HS3 3BG
The Shed,HS1 2BN
Tong Community Centre,HS2 0HJ
Tong Hall,HS2 0HS
Uig Community Centre,HS2 9JG
Vatersay Hall Cafe,HS9 5YW
Volunteer Centre Western Isles,HS3 3BG
Ardeer Youth and Community Centre,KA20 3NB
Ardrossan Civic Centre,KA22 8EU
Ardrossan Library,KA22 8BT
Argyle Youth and Community Centre,KA21 5AF
Arran Community Sport Hub,KA27 8NG
Arran Library,KA27 8DL
Auchenharvie Leisure Centre,KA20 3JR
Barrmill Community Centre,KA15 1HW
Beith Community Centre,KA15 2BQ
Beith Library,KA15 2AD
Bourtreehill Library,KA11 1JU
Bridgegate Pop Up Unit and Wellbeing Hub,KA12 8BQ
Bridgend Community Centre,KA25 7DJ
Brisbane Centre,KA30 8BL
Brodick Hall,KA27 8DL
Caley Centre,KA20 4HH
Castlepark Community Centre,KA12 9LQ
Citizens Advice Arran,KA27 8DL
Clasp Resouce Centre,KA20 3AE
Corsehill Community Centre,KA13 7LF
Cranberry Moss Community Centre,KA13 6SL
DA Hall,KA28 0DG
Dalry Community Centre,KA24 4BA
Dalry Community Sport Hub,KA24 5DR
Dalry Library,KA24 5AW
Dreghorn Library,KA11 4AQ
Dunlop Memorial Hall,KA11 4AQ
Fairlie Library,KA29 0AD
Fairlie Village Hall,KA29 0AD
Fullarton Community Centre,KA12 8DF
Fullarton ConneXions,KA12 8PE
Garnock Community Campus,KA14 3BJ
Greenwood Community Sport Hub,KA11 4HL
Hayocks Hall,KA20 4HS
Irvine Library,KA12 8AN
Irvine Meadow Social Club,KA12 0TW
KA Campus West Kilbride,KA23 9AX
Kilbirnie Library,KA25 6BL
Kilwinning Community Football Academy Hub,KA13 6BZ
Kilwinning Community Sport Hub,KA13 7HD
Kilwinning Library,KA13 6EP
Lanfine and Braehead Community Centre,KA11 1BT
Largs Community Campus,KA30 9EU
Largs Library,KA30 9AG
Litlestane Community Hall,KA11 1RQ
Millport Library,KA28 0DG
Millport Town Hall,KA28 0AZ
Nethermains Community Centre,KA13 6ES
North Ayrshire Community Youth Hub,KA20 4LA
Portal,KA12 0AZ
Pryde - The Playz,KA13 6TA
Radio City,KA25 7DF
Redburn Community Centre,KA12 9EW
Saltcoats Library,KA21 5LS
Saltcoats Town Hall,KA21 5HW
Shiskine Village Hall,KA27 8HE
Skelmorlie Community Centre,PA17 5AH
Skelmorlie Library,PA17 5AQ
Springside Community Centre,KA11 3BG
St Matthews Community Sport Hub,KA21 5SH
Stevenston Library,KA20 3AB
The Circuit,KA12 0TH
The Claire Hub,KA13 6SS
The Oasis,KA11 1HB
Towerlands Community Centre,KA11 1PY
Townend Youth and Community Centre,KA11 4EQ
Vikingar!,KA30 8QL
Vineburgh Community Centre,KA12 0PS
Volunteer Rooms,KA12 0AB
Walker Hall,KA25 7BX
West Kilbride Community Centre,KA23 9AX
West Kilbride Library,KA23 9EQ
West Kilbride Public Hall,KA23 9EN
Whitehirst Park Community Centre,KA13 6NR
Whitlees Community Centre,KA22 7DT
Woodlands Centre,KA12 8RU
Woodwynd Community Hall,KA13 7EF
Abronhill Community Facility,G67 3AZ
Abronhill Library,G67 3BE
Airdrie Leisure Centre,ML6 7HU
Airdrie Library,ML6 0AG
Airdrie Town Hall,ML6 0AS
Allanton Senior Citizen Centre,ML7 5AX
Andrew Hamilton Senior Citizen Centre,ML1 4DR
Antonine Hub,G65 9HA
Aquatec Motherwell,ML1 1AZ
Auchinloch Hall,G66 5DL
Beechbank Community Centre,ML6 0HE
Bellshill Cultural Centre,ML4 1RG
Birkenshaw Sports Hall,G71 6AU
Braehead Community Centre,G67 2BG
Broadwood,G68 9NE
Buchanan Centre,ML5 3BJ
Burngreen Hall,G65 0HT
Calder Community Centre,ML5 4PG
Calderbank Village Hall,ML5 3RB
Caldercruix Community Centre,ML6 7PU
Caldercruix Hall,ML6 7PP
Chapelhall Library,ML6 8XW
Chapelhall Senior Citizen Centre,ML6 8SW
Chapelside Community Facility,ML6 6JU
Charlotte Toal Centre,ML5 1DN
Chryston Library,G69 9DL
Citizens Advice Airdrie,ML6 0AS
Citizens Advice Bellshill,ML4 1AQ
Citizens Advice Coatbridge,ML5 3AA
Citizens Advice Cumbernauld and Kilsyth,G67 1ER
Citizens Advice Motherwell and Wishaw,ML1 1LY
Cleland Library,ML1 5QW
Cleland Senior Citizen Centre,ML1 5QW
Coatbridge Community Centre and Sports Complex,ML5 5EA
Coatbridge Library,ML5 3BJ
Coltness Community Centre,ML2 7EX
Colzium House,G65 0FF
Condorrat Library,G68 9AE
Cumbernauld Library,G67 1EE
Cumbernauld Village Hall,G67 2SU
Daisy Park Community Centre,ML1 1DX
Forge Community Hall,G68 9DN
Four Isles Community Centre,ML6 8EQ
Frank Ferguson Senior Citizen Centre,ML4 2JG
Garrell Vale Community Centre,G65 9JW
Gartcosh Hall,G69 8AB
Gartlea Community Centre,ML6 9PB
Glenboig Neighbourhood House,ML5 2QT
Glenmavis Community Centre,ML6 0NJ
Gowkthrapple Community Centre,ML2 0LG
Greenfaulds Community Centre,G67 4AR
Harthill Community Facility,ML7 5QE
Hattonrigg Senior Citizen Centre,ML4 1HG
Holytown Community Facility,ML1 4RG
Iain Nicolson Recreation Centre,G69 9NA
Isa Money Community Centre,ML1 2LT
Janet Hamilton Centre,ML5 1ER
Jerviston Community Centre,ML1 4BJ
Jim Foley Community Centre,ML2 7TJ
Joe McKay Community Centre,ML4 2EU
John McCormack Community Centre,ML1 4EB
Keir Hardie Sports Centre,ML1 4TP
Kilsyth Library,G65 0HT
Kirkshaws Neighbourhood Centre,ML5 5BF
Link Community Centre,G67 1EW
MacAulay Community Centre,G67 4LS
Michael Sherry Memorial Centre,ML1 4TW
Moodiesburn Library,G69 0DL
Motherwell Library,ML1 3BZ
Mount Pleasant Community Centre,ML6 8SB
Muirfield Community Centre,G67 1AX
New Stevenson Library,ML1 4HX
New Stevenston Community Centre,ML1 4AD
New Town Hall,G67 1DZ
Newarthill Community Facility,ML1 5JU
Newarthill Library,ML1 5BB
Newmains Library,ML2 9AX
Old Monkland Community Centre,ML5 5EA
Overtown Community Centre,ML2 0QF
Pat Cullinan Community Centre,ML1 3PB
Pather Community Centre,ML2 0HZ
Pivot Centre,G69 0DL
Plains Community Centre,ML6 7JG
Pollock Hall,G67 4LR
Ravenscraig Regional Sports Facility,ML1 2TZ
Rochsoles Community Centre,ML6 6SQ
Salsburgh Community Centre,ML7 4LH
Shawhead Community Centre,ML5 4NH
Shotts Community Facility,ML7 5ET
Shotts Leisure Centre,ML7 5EP
Shotts Library,ML7 5EN
Sir Matt Busby Sports Complex,ML4 3DP
South Dalziel Studios,ML1 1QF
Springfield Community Centre,ML6 7BA
Springhill Community Hub,ML7 5JF
Stepps Cultural Centre,G33 6DL
Stepps Library,G33 6FH
Stepps Town Hall,G33 6JL
Tannochside Senior Citizen Centre,G71 5QQ
The Link Community Facility,G67 1EW
The Pivot Community Facility,G69 0DL
Townhead Community Centre,ML5 2HT
Tryst Sports Centre,G67 1EW
Viewpark Community Education Centre,G71 6LT
Viewpark Library,G71 5AT
Waterloo Community Centre,ML2 8EN
Westfield Community Centre,G68 9HJ
Westray Community Rooms,G67 1NW
Whifflet Community Centre,ML5 4EW
Wishaw Sports Centre,ML2 0HQ
Wishawhill Community Centre,ML2 7PN
Birsay Community Hall,KW17 2NB
Burray Hall,KW17 2UG
Citizens Advice Orkney,KW15 1HR
Cromarty Hall,KW17 2SN
Deerness Community Centre,KW17 2QH
Dounby Community Centre,KW17 2HT
Dounby Leisure Centre,KW17 2HH
Firth Community Centre,KW17 2EQ
Flotta Community Centre,KW16 3NP
Graemsay Community Centre,KW16 3NG
Harray Community Centre,KW17 2LE
Heilsa Fjold,KW17 2BN
Holm Community Centre,KW17 2RG
Kirkwall Sports Centre,KW15 1QN
Kirkwall and St Ola Community Centre and Town Hall,KW15 1DH
Lambaness Community Room,KW15 1XQ
Marengo Centre,KW17 2TD
North Walls Healthy Living Centre,KW16 3NX
Orkney Library and Archive,KW15 1AG
Papay Community Co-op,KW17 2BU
Rendall Community Centre,KW17 2NZ
St Andrews Community Centre,KW17 2QU
Stromness Community Centre and Town Hall,KW16 3BA
Stromness Library,KW16 3AA
Stromness Swimming Pool and Leisure Centre,KW16 3AG
The Pickaquoy Centre,KW15 1LR
AK Bell Library,PH2 8EP
Abernethy Pavilion,PH2 9JS
Alyth Community Wing,PH11 8AX
Alyth Library,PH11 8AJ
Auchterarder Library,PH3 1BL
Bell's Sport Centre,PH1 5HS
Birnam Library,PH8 0DS
Blairgowrie Community Campus,PH10 6FH
Blairgowrie Library,PH10 6AW
Breadalbane Community Campus,PH15 2DU
Bridge of Cally Village Hall,PH10 7JL
Bridge of Earn Institute,PH2 9EA
Burrelton and Woodside Village Hall,PH13 9NR
Butterstone Village Hall,PH8 0HJ
Citizens Advice Perth,PH1 5NG
Cleish Village Hall,KY13 0LR
Clunie Village Hall,PH10 6RJ
Comrie Community Centre,PH6 2LJ
Comrie Library,PH6 2DS
Connect Perth,PH1 5QW
Coupar Angus Library,PH13 9AE
Crook of Devon Village Hall,KY13 0PG
Dunning Village Hall,PH2 0RJ
Errol Village Hall,PH2 7QG
Forteviot Village Hall,PH2 9BT
Fowlis Wester Village Hall,PH7 3NL
Gannochy Community Hall,PH2 7JR
Gask Hall,PH3 1HS
Glenearn Community Campus,PH2 0BE
Glenfarg Community Centre,PH2 9NW
Guildtown Village Hall,PH2 6BX
Inchture Village Hall,PH14 9RR
Kingslands Village Hall,PH1 4DN
Letham Community Club,PH1 2HL
Letham Community Learning Centre,PH1 2DQ
Letham4All,PH1 2HJ
Live Active Atholl,PH16 5EA
Live Active Blairgowrie,PH10 6PN
Live Active Loch Leven,KY13 8SY
Live Active Rodney,PH2 7AA
Loch Leven Community Campus,KY13 8FQ
Madderty Village Hall,PH7 3PJ
Madoch Centre,PH2 7FF
Mid Atholl Hall,PH9 0NF
Millbridge Hall,KY13 8DW
Milnathort Town Hall,KY13 9XT
Moncrieffe Community Hall,PH2 0AG
Murthly Village Hall,PH1 4EN
North Inch Community Campus,PH1 5BF
Oakbank Community Centre,PH1 1NA
Perth City Halls,PH1 5UG
Perth Mosque,PH2 0PE
Pitcairngreen Village Hall,PH1 3LR
Pitlochry Library,PH16 5BX
Scone Library,PH2 6LJ
St Madoes Community Centre,PH2 7NG
St Martins Public Hall,PH2 6JG
Stanley and District Village Hall,PH1 4PB
Strathearn Community Campus,PH7 3JN
Strathmore Community Hub,PH13 9DN
The Big Shed,PH15 2PB
Tulloch Community Centre,PH1 2PF
West Carse Hall,PH2 7LX
Anchor Bowling Club,PA1 1RU
Anchor Centre,PA2 6NG
Arkleston Newmains Community Centre,PA4 0SA
Bargarran Community Centre,PA8 6BS
Beechwood Community Centre,PA3 2NT
Bishopton Community Centre,PA7 5AU
Bishopton Community Library,PA7 5JW
Bridge of Weir Community Library,PA11 3NR
Brookfield Village Hall,PA5 8UB
Cargill Hall,PA11 3LJ
Carrick Centre,PA6 7EL
Central Community Hall,PA1 2LJ
Cherrie Centre,PA4 8FD
Citizens Advice Bureau,PA1 3QS
Cochrane Castle Community Centre,PA5 0HJ
Disability Resource Centre,PA3 2EA
Elderslie Leisure Centre,PA5 9AS
Elderslie Village Hall,PA5 9AS
Erskine Activity Centre,PA7 5PU
Erskine Community Library,PA8 7AA
Erskine Community Sports Centre,PA8 7AF
Erskine Sports Centre,PA3 3AT
Ferguslie Learning Centre,PA3 1NS
Ferguslie Library,PA3 1NT
Foxbar Community Library,PA2 0JZ
Foxbar Rivers Community Centre,PA2 0PA
Foxbar Youth Centre,PA2 0NW
Gallowhill Community Centre,PA3 4SF
Glenburn Community Centre,PA2 8DX
Glenburn Library,PA2 8DX
Glenburn Resource Centre,PA2 8EA
Good Shepherd Centre,PA7 5PF
Hawkhead Bowling Club,PA1 3NQ
Howwood Village Hall,PA9 1BB
Hunterhill Community Centre,PA2 7EN
Inchinnan Community Association,PA4 9QG
Johnstone Bowling Club,PA5 8LR
Johnstone Castle Learning Centre,PA5 0BX
Johnstone Community Sports Complex,PA5 0LD
Johnstone Community Sports Hub,PA5 0JA
Johnstone Library,PA5 8FA
Johnstone Town Hall,PA5 8EG
Kirklandneuk Community Centre,PA4 9ED
Lagoon Leisure Centre,PA1 1NB
Langbank Village Hall,PA14 6XB
Linwood Community Library,PA3 3DE
Linwood Library,PA3 3DB
Linwood Sports Centre,PA3 3RA
Lochwinnoch Community Library,PA12 4AB
Lochwinnoch Library,PA12 4AB
Masonic Lodge,PA4 9QN
Mobo Sports Arena,PA3 2RD
Muirshiel Centre,PA12 4LB
ON-X Linwood,PA3 3RA
Old Farm House Community Centre,PA8 7ED
Paisley Arts Centre,PA1 1EZ
Paisley Central Library,PA1 1ND
Paisley Town Hall,PA1 1JF
Paisley West End Community Centre,PA1 2SL
Parks Main Sports Complex,PA8 6EY
Ralston Community Centre,PA1 3BN
Ralston Community Sports Centre,PA1 3AX
Ralston Day Centre,PA1 3BL
Ralston Library,PA1 3BL
Renfrew Bowling Club,PA4 0AA
Renfrew Community Library,PA4 8LJ
Renfrew Leisure Centre,PA4 8JL
Renfrew Town Hall,PA4 8PF
Robertson Sports Centre,PA2 7TR
Senior Citizens Leisure Centre,PA1 1JG
Southend Action Centre,PA2 6NL
Spateston Bowling Club,PA5 0SX
Spateston Community Centre,PA5 0SA
Steeple Halls,PA10 2JD
Street League,PA3 4EF
The Old Library Centre,PA10 2EF
The Tannahill Centre,PA3 1NT
The Wynd Centre,PA1 2DB
Tweedie Hall,PA3 3DB
Well Street Community Centre,PA1 2SL
William McMasters Centre,PA4 8LX
Woodlands Community Bowling Club,PA3 3RA
Abbey Row Community Centre,TD5 7BJ
Allanton Village Hall,TD11 3LA
Ancrum Village Hall,TD8 6XH
Argus Community Centre,TD7 4EP
Ashkirk Village Hall,TD7 4NU
Ayton Community Hall,TD14 5QL
Bedrule Village Hall,TD9 8TE
Birgham Village Hall,TD12 4NG
Burnfoot Community Centre,TD9 8EQ
Burnfoot Community Hub,TD9 8EJ
Burnmouth Village Hall,TD14 5SU
Caddonfoot Hall,TD1 3LG
Cardrona Village Hall,EH45 9LD
Central Borders Citizens Advice (Galashiels),TD1 1RZ
Chirnside Community Centre,TD11 3UH
Cockburnspath Village Hall,TD13 5YG
Coldingham Public Hall,TD14 5NG
Coldstream Community Centre,TD12 4DT
Coldstream Library,TD12 4AE
Cornerstone Connects,TD1 2UF
Cranshaws Village Hall,TD11 3SJ
Darnick Village Hall,TD6 9AH
Denholm Village Hall,TD9 8LZ
Duns Library,TD11 3AU
Earlston Library,TD4 6JP
Ebba Centre and Old School Cafe,TD14 5PL
Eccles Village Hall,TD5 7PT
Eddleston Village Hall,EH45 8RE
Ednam Village Hall,TD5 7QQ
Escape Youth Cafe,TD9 7BB
Ettrickbridge Village Hall,TD7 5JN
Eyemouth Community Centre,TD14 5DE
Eyemouth Leisure Centre,TD14 5ET
Eyemouth Library,TD14 5JE
Focus Centre,TD1 1DQ
Foulden Village Hall,TD15 1UH
Fountainhall Village Hall,TD1 2SY
Galashiels Library,TD1 3JQ
Galashiels Volunteer Hall,TD1 3JX
Gavinton Village Hall,TD11 3QR
Gordon Village Hall,TD3 6JP
Grantshouse Village Hall,TD11 3RN
Greenlaw War Memorial Hall,TD10 6AB
Gytes Leisure Centre,EH45 8GL
Hawick Library,TD9 9QT
Hawick Town Hall,TD9 9EF
Hawick Youth Centre,TD9 7BB
Hermitage Hall,TD9 0SH
Hutton Village Hall,TD15 1TS
Imouth Community Centre,TD12 4DT
Innerleithen Library,EH44 6LA
Innerleithen Memorial Hall,EH44 6HZ
Innerwick Village Hall,EH42 1SE
Jedburgh Day Centre,TD8 6ER
Jedburgh Library,TD8 6HH
Jedburgh Town Hall,TD8 6BE
Kelso Library,TD5 7JH
Kelso Tait Hall,TD5 7BS
Lamberton Village Hall,TD15 1XB
Langlee Community Centre,TD1 2LP
Langtongate Volunteer Hall,TD11 3AF
Lauder Community and Leisure Centre,TD2 6SX
Lauder Public Hall,TD2 6TD
Leitholm Village Hall,TD12 4JH
Lindean Village Hall,TD1 3PA
Longformacus Village Hall,TD11 3PB
Macfie Memorial Hall,EH38 5YB
Maxton Village Hall,TD6 0RL
Melrose Corn Exchange,TD6 9PN
Melrose Library,TD6 9PN
Mission Hall,TD1 2JH
Morebattle Village Hall,TD5 8QW
Newcastleton Community Centre,TD9 0QZ
Newcastleton No.8 Club,TD9 0RA
Newlands Activity Cenrte,EH46 7BZ
Newstead Village Hall,TD6 9DX
Newtown Community Wing,TD6 0RZ
Old Gala House,TD1 3JS
Ormiston Institute,TD6 9PN
Paxton Village Hall,TD15 1TH
Peebles & District Citizens Advice Bureau,EH45 8AQ
Peebles Burgh Hall,EH45 8AG
Peebles Community Centre,EH45 8AU
Peebles Library,EH45 8AG
Philiphaugh Community Centre,TD7 5LT
Preston Village Hall,TD11 3TQ
Queens Leisure Centre,TD1 2AE
Reston Village Hall,TD14 5JW
Roxburgh and Berwickshire Citizens Advice Bureau (Hawick),TD9 9EA
Roxburgh and Berwickshire Citizens Advice Bureau (Kelso extension),TD5 7AL
Selkirk Leisure Centre,TD7 5DN
Selkirk Library,TD7 4LE
Selkirk Victoria Halls,TD7 4LN
Smailholm Village Hall,TD5 7PH
Southfield Community Centre,TD11 3EL
Spott Village Hall,EH42 1RJ
St Boswells Village Hall,TD6 0AA
St Ronan's Community Centre,EH44 6BP
Stichill Village Hall,TD5 7TD
Stow Town Hall,TD1 2QS
Teviotdale Leisure Centre,TD9 8AG
Teviothead Village Hall,TD9 0LQ
The Hub,TD9 8ET
Traquair Village Hall,EH44 6PJ
Tweedbank Community Centre,TD1 3RT
Tweedbank Sports Centre,TD1 3RS
Victoria Halls,TD7 4LN
Walkerburn Public Hall,EH43 6AE
Wauchope Village Hall,TD5 8RA
West Linton Graham Institute,EH46 7EW
Westruther Village Hall,TD3 6ND
Whitsome Village Hall,TD11 3NA
William Laidlaw Memorial Hall - Bonchester Hall,TD9 8JR
Aith Public Hall,ZE2 9NF
Baltasound Hall,ZE2 9EA
Baltasound Junior High School Library,ZE2 9DX
Bigton Community Hall,ZE2 9JA
Bixter Community Hall,ZE2 9NA
Brae Public Hall,ZE2 9SL
Brae Youth Centre,ZE2 9QH
Bressay Public Hall,ZE2 9ER
Bressay Sports Club,ZE1 0GS
Bridge End Community Hall,ZE2 9LD
Burra Public Hall,ZE2 9LF
Burravoe Public Hall,ZE2 9AY
Carnegie Hall,ZE2 9HH
Clickimin Leisure Complex,ZE1 0PJ
Cullivoe Public Hall,ZE2 9DD
Cunningsburgh Public Hall,ZE2 9HG
Cunningsburgh Village Club,ZE2 9HF
Dunrossness Hall,ZE2 9JG
EID Community Cooperative,ZE2 9NB
Eric Grat Centre,ZE1 0RJ
Eshaness Community Centre,ZE2 9RS
Fair Isle Public Hall,ZE2 9JU
Fetlar Hall,ZE2 9DJ
Garrison Theatre,ZE1 0JN
Germatwatt Centre,ZE2 9PH
Gruting and District Community Association,ZE2 9LZ
Gulberwick Community Hall,ZE2 9TX
Hillswick Public Hall,ZE2 9RW
Isbister Public Hall,ZE2 9AJ
Islesburgh Community Centre,ZE1 0EQ
Lerwick Town Hall,ZE1 0HB
Levenwick Village Club,ZE2 9HX
Livister Youth Centre,ZE2 9AQ
Mareel,ZE1 0WQ
Mid Yell Junior High School Library,ZE2 9BS
Mid Yell Public Hall,ZE2 9BN
Morton Lodge and Social Club,ZE1 0BF
Mossbank Public Hall,ZE2 9RA
Muckle Roe Public Hall,ZE2 9QW
Ness Boating Club,ZE3 9JS
North Mainland Leisure Centre,ZE2 9QJ
North Roe and Lochend Hall,ZE2 9RZ
North Unst Public Hall,ZE2 9EF
Ollaberry Hall,ZE2 9RU
Quarff Public Hall,ZE2 9EZ
Sandness Public Hall,ZE2 9PL
Sandveien Neighbourhood Centre,ZE1 0QJ
Sandwick Youth and Community Centre,ZE2 9HH
Scalloway Public Hall,ZE1 0UJ
Scalloway Youth Centre,ZE1 0XJ
Sellafirth Public Hall,ZE2 9DG
Shetland Community Brass Band,ZE2 9AY
Shetland Islands Citizens Advice Bureau,ZE1 0JP
Shetland Library,ZE1 0EL
Skeld Public Hall,ZE2 9NL
Skerries Public Hall,ZE2 9AS
Sound Community Association,ZE1 0GF
South Nesting Public Hall,ZE2 9PP
Staneyhill Hall,ZE1 0RX
Sullom and Gunnister Public Hall,ZE2 9RE
Tingwall Community Hall,ZE2 9SB
Trondra Public Hall,ZE1 0XL
Unst Leisure Centre,ZE2 9DY
Uyeasound Hall,ZE2 9DW
Vidlin Public Hall,ZE2 9QB
Voe Public Hall,ZE2 9PT
Walls Public Hall,ZE2 9PD
Walls Regatta Club,ZE2 9PG
West Mainland Leisure Centre,ZE2 9NB
Westsandwick Public Hall,ZE2 9BH
Whalsay Leisure Centre,ZE2 9AA
Whalsay Mother and Toddler Group,ZE2 9AF
Whiteness and Weisdale Public Hall,ZE2 9LL
Yell Leisure Centre,ZE2 9BN
Alloway Library,KA7 4QQ
Alloway Village Hall,KA7 4PY
Annbank Village Hall,KA6 5EE
Assembly Hall,KA8 0DW
Ayr Town Hall,KA7 1LU
Ballantrae Community Centre,KA26 0NB
Ballantrae Library,KA26 0NB
Barr Community Centre,KA26 9TU
Barrhill Memorial Hall,KA26 0PP
Carnegie Library,KA8 8EB
Carvick Webster Hall,KA9 2QL
Citadel Leisure Centre,KA7 1JB
Claude Hamilton Hall,KA6 6JT
Colmonell Community Centre,KA26 0RY
Coylton Activity Centre,KA6 6JL
Coylton Community Centre,KA6 6JL
Crosshill Community Centre,KA19 7RJ
Daily Community Centre,KA26 9SB
Drongan Community Centre,KA6 7BZ
Drongan Community Library,KA6 7BZ
Dundonald Activity Centre,KA2 9EP
Forehill Library,KA7 3EN
Foresters Hall,KA8 8EX
Girvan Community Centre,KA26 9BT
Girvan Library,KA26 9HE
Heathfield Community Centre,KA8 9HP
Information & Advice Hub (Ayr),KA7 0QF
John Pollock Centre,KA8 0QD
John Rodie Library,KA6 5DZ
Kennedy Hall,KA7 4LX
Kincaidston Community Pavillion,KA7 3XB
Loans Village Hall,KA10 7EX
Lochside Community Education Centre,KA 9LH
Loudoun Hall,KA7 1HR
Marr Educational Resources Centre,KA10 5EF
Maybole Library,KA19 7AB
Maybole Town Hall,KA19 7BZ
McCandlish Hall,KA19 7NF
McCosh Hall,KA19 7PJ
Montgomerie Hall,KA2 9HH
Mossblown Activity Centre,KA6 5BH
Mossblown Community Centre,KA6 5DZ
Muirhead Activity Centre,KA10 7AZ
Pinwherry Community Centre,KA26 0RN
Prestwick Community Education Centre,KA9 1HP
Prestwick Library,KA9 1PQ
Symington Community Halls,KA1 5QE
Symington Library,KA1 5QZ
Tarbolton Community Campus,KA5 5QA
Tarbolton Library,KA5 5QA
The Carrick Centre,KA19 7DE
The Domain,KA8 0LF
Troon Library,KA10 6EF
Troon Town Hall and Walker Hall,KA10 6EF
Whitletts Activity Centre,KA8 9RW
Abbeygreen District Hall,ML11 0ED
Abington Hall,ML12 6SD
Alistair McCoist Complex,G75 9LW
Almada Community Centre,ML3 0HQ
Auchenheath Hall,ML11 9XE
Auchentibber Resource Centre,G72 0JB
Avondale Community Wing,ML10 6JW
Ballerup Hall,G74 1AB
Ballerup Recreation Area,G75 0SD
Ballgreen Hall,ML10 6LZ
Biggar Library,ML12 6FX
Biggar Municipal Hall,ML12 6DT
Blacklaw Community Wing,G74 2BP
Blackwood and Kirkmuirhill Hall,ML11 9SB
Blantyre Library,G72 0QD
Blantyre Miners Welfare and Community Resource Centre,G72 0AU
Bothwell Community Hall,G71 8HF
Bothwell Library,G71 8RG
Braehead Hall,ML11 8EY
Brancumhall Recreation Area,G74 3PR
Brocketsbrae Hall,ML11 9PT
Burnbank Centre,ML3 0NA
Burnbank Library,ML3 0NA
Calderwood Hall,G74 3JT
Cambuslang Institute,G72 8JE
Cambuslang Library,G72 7EX
Carluke Library,ML8 4DF
Carluke Lifestyles,ML8 4DF
Carluke Primary Community Wing,ML8 4BG
Carmichael Hall,ML12 6PG
Carnwath Town Hall,ML11 8JY
Carstairs Community Centre,ML11 8QF
Carstairs Junction Hall,ML11 8PQ
Cathkin Community Wing,G73 4AA
Chapelton Hall,ML10 6RZ
Coalburn Leisure Complex,ML11 0LP
Clydesdale Citizens Advice Bureau,ML11 7LX
Community Centre,ML8 5EB
Coulter Hall,ML12 6PT
Craigbank Community Wing,ML9 1EL
Crawford Hall,ML12 6TW
Crawfordjohn Hall,ML12 6SR
Crossford Hall,ML8 5RE
Dalserf Community Wing,ML9 3FJ
David Milne Centre,G71 7PF
Dolphinton Hall,EH46 7AD
Douglas St Brides Hall,ML11 0QW
Duncanrig Sports Centre,G75 8ZT
East Kilbride Arts Centre,G74 4DU
East Kilbride Library,G74 1PG
East Kilbride Citizens Advice,G74 1JT
Eastfield Community Centre,G72 7BA
Eastfield Lifestyle,G73 3LW
Eddlewood Public Hall,ML3 8BG
Elsrickle Hall,ML12 6QZ
Fairhill Lifestyles,ML3 8HJ
Fernhill Community Centre,G73 4EQ
Ferniegair Hall,ML3 7TX
Forth Library,ML11 8AE
Glassford Hall,ML10 6TG
Glespin Hall,ML11 0SF
Greenhills Hall,G75 8TT
Greenhills Library,G75 8TT
Halfway Library,G72 7PJ
Hamilton Palace Sports Ground,ML3 6EF
Hamilton Water Palace,ML3 0HQ
Hamilton Citizens Advice Bureau,ML3 7DZ
Hareleeshill Community Wing,ML9 2RQ
Harry Smith Complex,ML11 7DG
High Blantyre Hall,G72 0HA
Hillhouse Library,ML3 9TX
Hillhouse and Earnock Community Centre,ML3 9TX
Jock Stein Centre,ML3 9TU
John Wright Sports Centre,G74 3EU
Kilncadzow Village Hall,ML8 4QT
Kirktonholme Hall,G74 1BD
Laighstonehall,ML3 8LU
Lanark Library,ML11 7LZ
Lanark Lifestyles,ML11 7DG
Tact Community Hall,ML11 7AB
Larkfield Neighbourhood Hall,G72 9PQ
Larkhall Community Centre,ML9 2AA
Larkhall Community Growers,ML9 1DR
Larkhall Leisure Centre,ML9 1QP
Larkhall Library,ML9 1DR
Leadhills Hall,ML12 6YA
Lesmahagow Library,ML11 0EF
Lesmahagow Sports Facility,ML11 0FS
Low Waters Hall,ML3 6SN
Mossneuk Community Wing,G75 8XQ
Murray Owen Hall,G75 9AD
Nemphlar Hall,ML11 8NA
Netherburn Community Hall,ML9 3BT
North Halfway Hall,G72 7RB
Pettinain Hall,ML11 8SS
Quothquan Hall,ML12 6NB
Ravenstruther Hall,ML11 7SS
Ravenstruther and Cleghorn Village Hall,ML11 8NL
Rigside Hall,ML11 9LY
Roberton Hall,ML12 6RS
Rutherglen Library,G73 2HB
Rutherglen Town Hall,G73 2JJ
Smyllum Resource Centre,ML11 7BZ
Spittal Community Centre,G73 4LJ
Springhall Community Centre,G73 5HW
Springhall Library,G73 5HW
Springwells Neighbourhood Hall,G72 0LF
St Brides Centre,ML11 0PT
St Leonards Library,G74 2AT
Stewartfield Community Centre,G74 4TT
Stonehouse Lifestyles,ML9 3JL
Strathaven Sports Centre,ML10 6DR
Symington Hall,ML12 6LL
TACT Community Hall,G72 9EF
Tarbrax Hall,EH55 8LW
Thankerton Hall,ML12 6NZ
The Fountain,ML11 0UD
The June Stewart Centre,G72 0DL
The Town House Hamilton,ML3 6HH
Thornton Road Community Centre,ML11 9QE
Toll Pitch Pavillion,G72 7XR
Tom Craig Centre,ML8 5JQ
Uddingston Community Centre,G71 7PA
Uddingston Library,G71 7PA
Universal Connections,ML3 7HY
Village Theatre East Kilbride,G74 4HY
Westburn Community Hall,G72 7TF
Westwood Hall,G75 8EY
Whitehill Neighbourhood Centre,ML3 0LH
Willie Waddell Sports and Community Centre,ML11 8AA
Wiston Village Hall,ML12 6HT
Woolfords Hall,EH55 8LH
Aberfoyle Memorial Hall,FK8 3SW
Allan Community Centre,FK9 4AT
Alpha Community Centre,FK7 7EJ
Ashfield Village Hall,FK15 0JW
Balfour Community Centre,FK7 8DS
Balquhidder Village Hall,FK19 8PA
Bannockburn Community Centre,FK7 8NB
Bannockburn Library,FK9 4AT
Beechwood Scout Hall,FK8 2AE
Blair Drummond Community Hall,FK9 4UX
Braehead Community Garden,FK7 7GU
Braeport Centre,FK15 0AT
Buchlyvie Village Hall,FK8 3LX
Cambusbarron Community Centre,FK7 9NU
Cambusbarron Library,FK7 9NU
Cambuskenneth Village Hall,FK9 5NL
Cornton Community Centre,FK9 5BW
Cowane Centre,FK8 1JP
Cowane's Hospital,FK8 1ED
Cowie Community Centre,FK7 7BL
Cowie Library,FK7 7BS
Crianlarich Village Hall,FK20 8QN
Deanston Community Centre,FK16 6AR
Dunblane Centre,FK15 9EY
East Argyll Centre,FK7 7PX
Edmonstone Hall,G63 9BP
Fallin Church Hall,FK7 7JE
Fallin Library,FK7 7JE
Gargunnock Community Centre,FK8 3BJ
Garratts Leisure Centre,FK8 2ND
Gartmore Village Hall,FK8 3RW
Hillpark Centre,FK7 0HZ
Hillview Community Centre,FK7 9DU
John McLintock Hall,G63 0TX
Killearn Village Hall,G63 9NL
Kinlochard Village Hall,FK8 3TL
Lochearnhead Village Hall,FK19 8PR
Logie Kirk Hall,FK9 5LH
Mayfield Community Centre,FK7 0BD
McLaren Community Leisure Centre,FK17 8JP
Menzies Hall,G63 0XE
Muir Hall,FK16 6BZ
Ochil Community Hall,FK8 1QJ
Plean Library,FK7 8BT
Raploch Community Campus,FK8 1RD
Rural Hall,FK16 6DH
Stirling Central Library,FK8 2HX
Stirling Community Enterprise,FK8 1RW
The Peak,FK8 1QZ
Thornhill Community Hall,FK8 3QB
Tyndrum Village Hall,FK20 8SA
University of Stirling Sports Centre,FK9 4LA
Victoria Halls,FK15 9EX
Alexandria Community Centre,G83 0NU
Alexandria Library,G83 0DA
Balloch Library,G83 8BW
Benview Centre,G82 1BA
Bonhill Community Education Centre,G83 9DZ
Bowling Public Hall,G60 5AG
Centre81,G81 1DP
Citizens Advice Bureau Alexandria,G83 0LZ
Citizens Advice Bureau Clydebank,vG81 1BL
Citizens Advice Bureau Dumbarton,G82 1NW
Clydebank East Community Centre,G81 1AJ
Clydebank Leisure Centre,G81 1BF
Clydebank Library,G81 1XH
Concord Community Centre,G82 1LJ
Dalmonach Community Centre,G83 9AU
Dalmuir Community Centre,G81 4RQ
Dalmuir Library,G81 4LX
Denny Civic Theatre,G82 1LJ
Dumbarton Library,G82 1BD
Duntocher Library,G81 6HF
Duntocher Village Hall,G81 6DF
Faifley Library,G81 5BS
Glenhead Community Centre,G81 6HF
Hub Community Centre,G81 2TX
Kilmaronock Millennium Hall,G83 8NF
Meadow Centre,G82 2AA
Mill Cabin,G83 8AB
Napier Hall,G60 5JH
New Burgh Hall,G82 1QL
Onslow Road Community Hall,G81 2PR
Parkhall Library,G81 3EF
Skypoint,G81 5JY
The Crosslet Centre,G82 2LS
The Cutty Sark Centre,G82 3DR
The Phoenix,G82 5AF
Vale of Leven Pool,G83 0UE
9th West Lothian Scout Hall,EH54 9LE
Addiewell Community Centre,EH55 8PG
Almondbank Library,EH54 5EH
Armadale Library and Community Centre,EH48 3QB
Bathgate Community Education Centre,EH48 3QB
Bathgate Partnership Centre,EH48 1PS
Bellsquarry Village Hall,EH54 9AA
Blackburn Community Education Centre,EH47 7LJ
Blackburn Library,EH47 7LL
Blackridge Library,EH48 3SP
Boghall Community Wing,EH48 1SR
Bridge Community Project,EH54 5FD
Chalmers Hall,EH48 3DN
Bridgend Community Centre,EH49 6NZ
Broxburn Family and Community Development Centre,EH52 6EY
Broxburn Library,EH52 5LH
Carmondean Community Centre,EH54 8AX
Carmondean Library,EH54 8PT
Chalmers Hall (Linlithgow Bridge),EH49 7PW
Craiginn Community Centre,EH48 3SP
Craigsfarm Community Hub,EH54 5BP
Craigshill Thistle Pavilion,EH54 5BP
Craigswood Sports Centre,EH54 5ER
Crofthead Community Centre,EH54 6DG
Crofthead Community Education Centre,EH54 6DG
Dechmont Hall,EH52 6LJ
Dedridge Community Wing and Community Education Centre,EH54 6JQ
East Calder Community Education Centre,EH53 0EP
East Calder Library,EH53 0EP
East Calder Sports Centre,EH53 0JN
East Whitburn Community Centre,EH47 8EX
Ecclesmachan Village Hall,EH52 6NG
Ecclesmachan and Threemiletown Village Hall,EH52 6NG
Fauldhouse Library,EH47 9JD
Fauldhouse Partnership Centre,EH47 9JD
Forestbank Community Centre,EH54 6DX
Harburn Village Hall,EH55 8RF
Kirknewton Village Hall,EH27 8AH
Lanthorn Community Centre,EH54 6JL
Lanthorn Library,EH54 6QY
Linlithgow Burgh Halls,EH49 7AH
Linlithgow Library,EH49 7EZ
Livingston Mosque Community Centre,EH54 5DT
Livingston Station Community Centre,EH54 8BE
MacKinnon Hall,EH49 7RA
Mid Calder Community Centre,EH53 0AT
Mid Calder Institute and Community Centre,EH53 0AL
Mosswood Community Centre,EH54 8JF
Murieston Village Hall,EH54 9HL
Newton Community Centre,EH52 6QG
Newyearfield Farm Community Centre,EH54 6TW
Philpstoun Community Centre,EH49 6RA
Philpstoun Community Education Centre,EH49 6RA
Polbeth Community Hub,EH55 8SR
Pumpherston Library,EH53 0LF
Queen Margaret Hall,EH49 7JA
Seafield Community Centre,EH47 7AL
Simpson Library,EH48 1TS
Springfield Community Education Centre,EH49 7SN
Stoneyburn Community Centre,EH47 8BY
Strathbrock Community Centre,EH52 5LH
The Centre,EH54 6HR
The Dale Hub,EH48 2ND
Toronto Community Education Centre,EH54 6BN
Torphichen Community Centre,EH48 4LZ
Uphall Community Centre,EH52 6BN
Uphall Station Village Hall,EH54 5PY
WLDC Uphall Station Institute Hall,EH54 5PX
West Calder Community Centre,EH55 8DZ
West Calder Library,EH55 8BQ
West Lothian College Library,EH54 7EP
Whitburn Community Centre,EH47 8EZ
Whitburn Library,EH47 0AR
Winchburgh Community Centre,EH52 6RW
Xcite Armadale,EH48 3QB
Xcite Bathgate,EH48 4LA
Xcite Broxburn Sport Centre,EH52 5EL
Xcite Craigswood,EH54 5ER
Xcite East Calder,EH53 0JN
Xcite Linlithgow,EH49 6SQ
Xcite Livingston,EH54 6QT
Xcite Whitburn,EH47 0QD
